Municipality,On Road,Miles,Dir From,From Road,Toward Road,Milepost Road,MP,MA,Crash ID,Date,T,C,F,L,S,Latitude,Longitude,Source,Dist_ft,MP_offset_ft,In_Initial_Study,Type_desc
RURAL,NC 180,0.0,S,SR 1103,SR 1236,NC 180,4.601,,108387988,2026-01-22,30,1,7,1,C,35.24632,-81.50945,DMV349CLEANED,12,0,Y,Angle
RURAL,NC 180,0.0,,SR 1103,SR 2384,NC 180,4.601,,107473530,2023-09-26,25,1,7,1,O,35.24631,-81.50936,DMV349CLEANED,15,0,Y,"Right Turn, Same Roadway"
RURAL,NC 180,0.0,S,SR 1103,SR 2205,NC 180,4.601,,108502945,2026-05-15,30,1,7,1,O,35.24639,-81.50942,DMV349CLEANED,24,0,Y,Angle
RURAL,SR 1103,0.0,,NC 180,SR 2329,SR 1103,3.644,,108453977,2026-03-23,23,1,7,1,O,35.246376,-81.50935,DMV349CLEANED,26,0,Y,"Left Turn, Same Roadway"
RURAL,SR 1103,0.0,,NC 180,SR 2384,SR 1103,3.644,,107503115,2023-10-24,21,1,7,1,O,35.24645,-81.50946,DMV349CLEANED,48,0,Y,"Rear End, Slow or Stop"
RURAL,NC 180,0.0,,SR 1103,SR 1236,NC 180,4.601,,107790631,2024-07-16,24,2,7,1,C,35.24607,-81.50943,DMV349CLEANED,93,0,Y,"Left Turn, Different Roadways"
RURAL,NC 180,0.0,,SR 1103,NC 226,NC 180,4.601,,108353439,2025-12-16,23,1,7,5,A,35.24667,-81.50935,DMV349CLEANED,127,0,Y,"Left Turn, Same Roadway"
RURAL,NC 180,0.0,,SR 1103,SR 1104,NC 180,4.601,,108431889,2026-03-14,30,1,7,5,O,35.24602,-81.50965,DMV349CLEANED,132,0,Y,Angle
RURAL,NC 180,0.003,S,SR 1103,SR 1236,NC 180,4.598,,108204170,2025-08-06,19,1,4,5,O,35.245899,-81.50958,DMV349CLEANED,163,-16,Y,Fixed Object
RURAL,NC 180,0.028,N,SR 1103,SR 2329,NC 180,4.629,,107921860,2024-11-14,24,2,0,4,O,35.246724,-81.50915,DMV349CLEANED,165,148,Y,"Left Turn, Different Roadways"
RURAL,NC 180,0.0,N,SR 1103,SR 2329,NC 180,4.601,,108564225,2026-07-08,30,1,7,1,B,35.24675,-81.50919,DMV349CLEANED,169,0,Y,Angle
RURAL,SR 1103,0.0,,NC 180,SR 2384,SR 1103,3.644,,107915535,2024-11-08,21,1,7,1,O,35.246,-81.509,DMV349CLEANED,170,0,Y,"Rear End, Slow or Stop"
RURAL,NC 180,0.0,,SR 1103,SR 1263,NC 180,4.601,,108120512,2025-05-19,30,1,7,1,A,35.243,-81.51,DMV349,1225,0,Y,Angle
RURAL,NC 180,0.0,,SR 1103,SR 1104,NC 180,4.601,,108045557,2025-03-07,30,1,7,1,C,35.24,-81.5,DMV349,3631,0,Y,Angle
RURAL,NC 180,0.009,S,SR 1103,SR 1104,NC 180,4.592,,107067627,2022-08-28,19,1,0,5,O,,,,,-48,Y,Fixed Object
RURAL,NC 180,0.0,,SR 1103,NC 226,NC 180,4.601,,107468199,2023-09-23,17,1,0,5,O,,,,,0,Y,Animal
RURAL,NC 226,0.0,,SR 1103,SR 1104,NC 180,4.601,,107171393,2022-12-05,24,2,7,1,O,,,,,0,Y,"Left Turn, Different Roadways"
RURAL,NC 180,0.0,,SR 1103,SR 1100,NC 180,4.601,,107127945,2022-10-24,24,1,7,5,O,,,,,0,Y,"Left Turn, Different Roadways"
RURAL,NC 180,0.0,,SR 1103,SR 2329,NC 180,4.601,,106839126,2022-01-20,24,2,7,1,O,,,,,0,Y,"Left Turn, Different Roadways"
RURAL,NC 180,0.0,N,SR 1103,SR 2329,NC 180,4.601,,107086689,2022-09-13,24,1,7,1,B,,,,,0,Y,"Left Turn, Different Roadways"
RURAL,NC 180,0.0,,SR 1103,SR 2329,NC 180,4.601,,107162484,2022-11-28,21,1,7,1,O,,,,,0,Y,"Rear End, Slow or Stop"
RURAL,NC 180,0.0,,SR 1103,SR 2329,NC 180,4.601,,107037107,2022-08-03,19,1,7,5,O,,,,,0,Y,Fixed Object
RURAL,NC 180,0.0,,SR 1103,NC 226,NC 180,4.601,,106893683,2022-03-15,24,1,7,1,O,,,,,0,Y,"Left Turn, Different Roadways"
RURAL,SR 1103,0.0,,SR 1103,SR 1104,SR 1103,999.999,,107960640,2024-12-15,24,2,7,5,O,35.246,-81.509,DMV349CLEANED,170,,,"Left Turn, Different Roadways"
RURAL,NC 180,0.1,N,SR 1103,NC 226,NC 180,4.701,,108465156,2026-04-07,23,1,0,2,O,35.247,-81.50911,DMV349CLEANED,262,528,,"Left Turn, Same Roadway"
RURAL,NC 226,0.052,N,SR 1103,NC 180,NC 180,4.653,,107608647,2024-01-30,17,1,0,5,O,35.24705,-81.50903,DMV349CLEANED,288,275,,Animal
RURAL,NC 180,0.2,NE,SR 1103,NC 226,NC 180,4.801,,107563341,2023-12-13,17,1,0,5,O,35.24759,-81.50855,DMV349CLEANED,528,1056,,Animal
RURAL,NC 180,0.1,S,SR 1103,SR 1236,NC 180,4.501,,107786994,2024-07-15,28,2,0,5,O,35.24427,-81.51003,DMV349CLEANED,772,-528,,"Sideswipe, Same Direction"
PATTERSON SPRINGS,NC 180,0.0,,SR 1104,SR 1103,NC 180,3.897,,108314314,2025-11-17,17,1,0,5,O,35.2441,-81.50968,DMV349CLEANED,815,-3717,,Animal
RURAL,PVA 1523 S POST RD,0.0,,NC 180,SR 1103,,999.999,,108224707,2025-09-04,22,1,0,1,O,35.24396,-81.50993,DMV349,876,,,"Rear End, Turn"
RURAL,SR 1103,0.1,W,NC 180,SR 1100,SR 1103,3.744,,107921837,2024-11-12,29,1,0,5,O,35.244,-81.508,DMV349CLEANED,946,528,,"Sideswipe, Opposite Direction"
RURAL,PVA 1523 S POST RD,0.028,E,NC 180,DEAD END,,999.999,,107813527,2024-08-09,29,1,4,2,O,35.243613,-81.50986,DMV349,998,,,"Sideswipe, Opposite Direction"
RURAL,NC 180,0.2,N,SR 1236,SR 1103,NC 180,4.408,,108124072,2025-05-17,14,1,0,5,K,35.243111,-81.5104,NCDOT_TSU,1209,-1019,,Pedestrian
RURAL,SR 2329,0.0,,NC 180,SR 1103,SR 2329,0.0,,108281986,2025-10-23,24,1,8,1,O,35.250143,-81.50689,DMV349CLEANED,1582,,,"Left Turn, Different Roadways"
RURAL,NC 180,0.0,,SR 2039,NC 226,NC 180,999.999,,108486252,2026-04-25,19,1,8,5,A,35.250197,-81.506889,NCDOT_TSU,1600,,,Fixed Object
RURAL,NC 180,0.008,N,SR 2329,SR 2202,NC 180,4.912,,107848919,2024-09-12,21,2,8,5,O,35.250296,-81.50688,DMV349CLEANED,1633,1642,,"Rear End, Slow or Stop"
RURAL,NC 180,0.2,S,NC 226,SR 2329,NC 180,4.93,Y,107831473,2024-08-22,24,1,4,5,B,35.250328,-81.50684,DMV349CLEANED,1649,1737,,"Left Turn, Different Roadways"
RURAL,NC 180,0.29,S,SR 2427,SR 2329,NC 180,999.999,,108467159,2026-04-13,29,1,0,1,O,35.250376,-81.50683,DMV349CLEANED,1666,,,"Sideswipe, Opposite Direction"
RURAL,NC 180,0.2,S,NC 226,SR 2329,NC 180,4.93,Y,107971832,2024-12-23,21,1,0,5,O,35.25044,-81.50696,DMV349CLEANED,1669,1737,,"Rear End, Slow or Stop"
RURAL,PVA 1319 S POST RD,0.009,E,NC 180,PVA DEAD END,,999.999,,107986781,2025-01-10,19,2,4,2,O,35.250469,-81.50661,DMV349,1727,,,Fixed Object
RURAL,PVA 1319 SOUTH POST RD,0.011,E,NC 180,DEAD END,,999.999,,107574475,2023-12-18,20,1,4,1,O,35.250458,-81.50649,DMV349,1741,,,Parked Motor Vehicle
RURAL,NC 180,0.028,N,SR 2329,NC 226,NC 180,4.932,,108114626,2025-05-18,21,1,5,2,B,35.250625,-81.50678,DMV349CLEANED,1754,1748,,"Rear End, Slow or Stop"
RURAL,NC 180,0.019,N,SR 2329,KENWALL VILLAGE,NC 180,4.923,,108436729,2026-03-05,24,1,0,1,C,35.25073,-81.50691,DMV349CLEANED,1771,1700,,"Left Turn, Different Roadways"
RURAL,NC 180,0.1,S,NC 226,SR 2329,NC 180,5.03,Y,107766277,2024-06-25,24,1,4,1,O,35.25071,-81.50679,DMV349CLEANED,1780,2265,,"Left Turn, Different Roadways"
RURAL,NC 180,0.038,N,SR 2329,NC 226,NC 180,4.942,,107949905,2024-12-06,24,1,0,4,O,35.250718,-81.50678,DMV349CLEANED,1784,1800,,"Left Turn, Different Roadways"
RURAL,NC 180,0.019,N,SR 2329,NC 226,NC 180,4.923,,107772778,2024-07-03,24,1,0,1,B,35.25077,-81.50676,DMV349CLEANED,1804,1700,,"Left Turn, Different Roadways"
RURAL,NC 180,0.057,N,SR 2329,NC 226,NC 180,4.961,,107521815,2023-11-01,21,1,0,1,O,35.25101,-81.50676,DMV349CLEANED,1883,1901,,"Rear End, Slow or Stop"
RURAL,NC 180,0.1,N,SR 1104,SR 1103,NC 180,3.997,,108434644,2026-03-10,21,1,0,1,O,35.24143,-81.51145,DMV349CLEANED,1886,-3189,,"Rear End, Slow or Stop"
RURAL,NC 226,0.13,S,NC 180,SR 2329,NC 180,5.0,Y,108288850,2025-10-31,21,1,0,1,C,35.251202,-81.50657,DMV349CLEANED,1970,2107,,"Rear End, Slow or Stop"
PATTERSON SPRINGS,NC 226,0.11,S,SR 1236,SR 1104,NC 180,4.098,,107678725,2024-04-01,18,1,0,5,O,35.241155,-81.51133,DMV349CLEANED,1971,-2656,,Movable Object
RURAL,NC 180,0.25,S,NC 226,SR 2329,NC 180,4.88,Y,108242029,2025-09-22,21,1,0,1,O,35.251367,-81.5067,DMV349CLEANED,2009,1473,,"Rear End, Slow or Stop"
PATTERSON SPRINGS,SR 1103,0.013,NW,PAM,NC 180,SR 1103,999.999,,106777316,2021-11-19,14,1,0,5,B,35.241322,-81.505743,NCDOT_TSU,2127,,,Pedestrian
RURAL,NC 180,0.1,S,SR 1236,SR 2205,NC 180,4.108,,108584220,2026-08-08,21,1,0,1,O,35.240785,-81.51165,DMV349CLEANED,2128,-2603,,"Rear End, Slow or Stop"
PATTERSON SPRINGS,NC 180,0.004,S,SR 1236,SR 1104,NC 180,4.204,,108106681,2025-05-09,28,1,0,5,O,35.24054,-81.51192,DMV349CLEANED,2239,-2096,,"Sideswipe, Same Direction"
RURAL,SR 1103,0.15,W,SR 2384,SR 2413,SR 1103,4.128,,108089134,2025-04-22,29,2,0,1,O,35.250455,-81.51557,DMV349CLEANED,2375,2556,,"Sideswipe, Opposite Direction"
RURAL,NC 180,0.045,S,NC 226,SR 2329,NC 180,5.085,Y,107616763,2024-02-02,24,1,8,5,O,35.25282,-81.50674,DMV349CLEANED,2500,2556,,"Left Turn, Different Roadways"
RURAL,NC 180,0.044,S,NC 226,SR 2329,NC 180,5.086,Y,107743396,2024-06-04,23,2,4,1,O,35.252834,-81.50649,DMV349CLEANED,2529,2561,,"Left Turn, Same Roadway"
RURAL,NC 226,0.03,S,NC 180,SR 2329,NC 180,5.1,Y,108020955,2025-02-04,24,1,0,2,C,35.252863,-81.50648,DMV349CLEANED,2540,2635,,"Left Turn, Different Roadways"
RURAL,SR 1103,0.49,E,NC 226,SR 2205,SR 1103,3.154,,108224901,2025-08-28,19,1,0,5,O,35.240156,-81.50461,DMV349CLEANED,2666,-2587,,Fixed Object
RURAL,NC 180,0.042,S,NC 226,SR 2329,NC 180,5.088,Y,107619036,2024-02-06,21,1,0,1,O,35.253342,-81.50645,DMV349CLEANED,2708,2571,,"Rear End, Slow or Stop"
RURAL,NC 180,0.0,,NC 226,SR 2329,NC 180,5.13,Y,107294862,2023-04-03,14,1,8,5,A,35.253395,-81.506391,VHB_PEDBIKE,2732,2793,,Pedestrian
RURAL,NC 226,0.004,N,NC 180,SR 2202,NC 226,7.709,Y,107586999,2024-01-05,29,1,8,1,O,35.2534,-81.50639,DMV349CLEANED,2734,,,"Sideswipe, Opposite Direction"
RURAL,NC 180,0.0,,NC 226,SR 2329,NC 180,5.13,Y,108392900,2026-02-05,24,2,8,1,O,35.253484,-81.50638,DMV349CLEANED,2764,2793,,"Left Turn, Different Roadways"
RURAL,NC 226,0.0,,NC 180,TOWER,NC 180,5.13,Y,107924849,2024-11-13,23,1,8,5,O,35.253524,-81.50636,DMV349CLEANED,2779,2793,,"Left Turn, Same Roadway"
RURAL,NC 226,0.0,,NC 180,SR 1103,NC 180,5.13,Y,108301980,2025-10-28,24,2,9,1,C,35.25364,-81.50637,DMV349CLEANED,2818,2793,,"Left Turn, Different Roadways"
RURAL,NC 180,0.3,N,SR 1104,SR 1236,NC 180,4.197,,107986563,2025-01-10,19,6,0,5,O,35.2389,-81.51292,DMV349CLEANED,2903,-2133,,Fixed Object
PATTERSON SPRINGS,NC 180,0.2,S,SR 1236,SR 1104,NC 180,4.008,,107488022,2023-10-10,17,1,0,5,O,35.23878,-81.51335,DMV349CLEANED,2992,-3131,,Animal
RURAL,NC 226,0.0,,NC 180,SR 2427,NC 180,5.13,Y,108369607,2026-01-09,24,2,8,5,O,35.25,-81.5,DMV349,3107,2793,,"Left Turn, Different Roadways"
RURAL,NC 226,0.0,,NC 180,SR 2202,NC 180,5.13,Y,108267466,2025-09-30,24,1,9,1,O,35.25,-81.5,DMV349,3107,2793,,"Left Turn, Different Roadways"
RURAL,NC 226,0.0,,NC 180,SR 2402,NC 180,5.13,Y,107670422,2024-03-17,24,1,8,1,O,35.25,-81.5,DMV349,3107,2793,,"Left Turn, Different Roadways"
RURAL,NC 180,0.0,,SR 2202,NC 226,NC 180,5.263,,107636126,2024-02-23,30,1,7,1,O,35.25,-81.5,DMV349,3107,3495,,Angle
RURAL,NC 180,0.2,S,NC 226,SR 2329,NC 180,4.93,Y,107684952,2024-04-09,21,1,0,1,O,35.25,-81.5,DMV349,3107,1737,,"Rear End, Slow or Stop"
RURAL,NC 180,0.0,,SR 2202,NC 226,NC 180,5.263,,108393652,2026-01-31,30,5,8,1,O,35.25,-81.5,DMV349,3107,3495,,Angle
RURAL,NC 180,0.0,,SR 2202,NC 226,NC 180,5.263,,108507727,2026-05-18,30,1,7,1,O,35.25,-81.5,DMV349,3107,3495,,Angle
RURAL,NC 226,0.1,N,NC 180,SR 2402,NC 226,7.805,Y,108279853,2025-10-21,26,1,9,1,O,35.2546,-81.50667,DMV349CLEANED,3128,,,"Right Turn, Different Roadways"
RURAL,SR 1103,0.56,E,NC 180,SR 2206,SR 1103,3.084,,107534558,2023-11-18,17,1,0,5,O,35.2391,-81.50358,DMV349CLEANED,3156,-2957,,Animal
RURAL,NC 180,0.0,,SR 2202,NC 226,NC 180,5.263,,108532841,2026-06-16,23,1,7,1,O,35.254,-81.504,DMV349CLEANED,3231,3495,,"Left Turn, Same Roadway"
RURAL,NC 180,0.0,,SR 2202,NC 226,NC 180,5.263,,108139550,2025-06-07,21,1,0,1,O,35.254493,-81.50521,DMV349CLEANED,3232,3495,,"Rear End, Slow or Stop"
RURAL,NC 180,0.0,,SR 2202,NC 226,NC 180,5.263,,108106742,2025-05-11,30,1,7,1,O,35.25472,-81.50568,DMV349CLEANED,3258,3495,,Angle
RURAL,SR 1103,0.4,E,SR 2384,NC 180,SR 1103,3.578,,108314990,2025-11-19,31,1,0,1,O,35.251,-81.519,DMV349CLEANED,3328,-348,,Backing Up
RURAL,NC 180,0.0,,SR 2202,NC 226,NC 180,5.263,,107866721,2024-09-26,30,2,7,1,C,35.254982,-81.50543,DMV349CLEANED,3374,3495,,Angle
RURAL,NC 180,0.0,,SR 2202,NC 226,NC 180,5.263,,107950901,2024-12-06,30,1,7,1,C,35.255076,-81.50539,DMV349CLEANED,3410,3495,,Angle
RURAL,SR 2202,0.0,,NC 180,NC 226,SR 2202,0.109,,108130086,2025-05-31,30,1,7,1,O,35.255101,-81.50537,DMV349CLEANED,3421,,,Angle
RURAL,NC 180,0.0,,SR 2202,SR 2427,NC 180,5.263,,107964315,2024-12-12,30,1,7,1,B,35.255107,-81.50538,DMV349CLEANED,3422,3495,,Angle
RURAL,NC 180,0.0,,SR 2202,NC 226,NC 180,5.263,,107647486,2024-03-07,21,1,7,1,O,35.255106,-81.50535,DMV349CLEANED,3424,3495,,"Rear End, Slow or Stop"
RURAL,NC 180,0.0,,SR 2202,NC 226,NC 180,5.263,,107721324,2024-05-12,30,1,7,1,C,35.25511,-81.50536,DMV349CLEANED,3425,3495,,Angle
RURAL,NC 180,0.0,,SR 2202,SR 2327,NC 180,5.263,,108521502,2026-06-05,23,1,7,1,O,35.255114,-81.50537,DMV349CLEANED,3425,3495,,"Left Turn, Same Roadway"
RURAL,NC 180,0.0,,SR 2202,NC 226,NC 180,5.263,,107665521,2024-03-20,30,1,7,1,O,35.255115,-81.50536,DMV349CLEANED,3426,3495,,Angle
RURAL,NC 180,0.0,,SR 2202,NC 226,NC 180,5.263,,108537929,2026-06-18,30,2,7,1,B,35.255,-81.505,DMV349CLEANED,3427,3495,,Angle
RURAL,SR 2202,0.0,,NC 180,NC 226,SR 2202,0.109,,108339451,2025-11-21,21,1,7,5,C,35.255,-81.505,DMV349CLEANED,3427,,,"Rear End, Slow or Stop"
RURAL,NC 180,0.0,,SR 2202,NC 226,NC 180,5.263,,107892263,2024-10-17,24,1,7,1,O,35.255,-81.505,DMV349CLEANED,3427,3495,,"Left Turn, Different Roadways"
RURAL,NC 180,0.0,,SR 2202,NC 226,NC 180,5.263,,108174963,2025-07-16,23,1,7,1,B,35.255,-81.505,DMV349CLEANED,3427,3495,,"Left Turn, Same Roadway"
RURAL,NC 180,0.0,,SR 2202,NC 226,NC 180,5.263,,108572397,2026-07-01,23,1,7,1,O,35.255,-81.505,DMV349CLEANED,3427,3495,,"Left Turn, Same Roadway"
RURAL,NC 180,0.0,,SR 2202,SR 2327,NC 180,5.263,,108497780,2026-05-12,30,1,7,1,O,35.255,-81.505,DMV349CLEANED,3427,3495,,Angle
SHELBY,SR 2202,0.0,,NC 180,NC 226,SR 2202,0.109,,107739255,2024-06-01,30,1,7,5,B,35.25511,-81.50533,DMV349CLEANED,3428,,,Angle
RURAL,NC 180,0.0,,SR 2202,SR 2200,NC 180,5.263,,107982421,2024-12-30,30,1,7,5,C,35.255125,-81.50531,DMV349CLEANED,3435,3495,,Angle
RURAL,SR 2202,0.0,,NC 180,NC 226,SR 2202,0.109,,108454000,2026-03-28,30,1,7,1,O,35.255144,-81.50537,DMV349CLEANED,3435,,,Angle
RURAL,NC 180,0.0,,SR 2202,NC 226,NC 180,5.263,,108200776,2025-08-02,30,1,7,1,C,35.255152,-81.50533,DMV349CLEANED,3442,3495,,Angle
RURAL,NC 180,0.095,S,SR 2200,SR 2202,NC 180,5.912,,108020958,2025-02-11,21,2,0,2,B,35.25525,-81.50535,DMV349CLEANED,3474,6922,,"Rear End, Slow or Stop"
RURAL,NC 226,0.1,W,NC 180,SR 2403,NC 226,7.805,Y,107522771,2023-11-08,17,1,0,5,O,35.25577,-81.50748,DMV349CLEANED,3494,,,Animal
RURAL,NC 180,0.002,N,SR 2202,SR 2312,NC 180,5.265,,108493426,2026-05-04,19,1,7,1,O,35.25529,-81.50521,DMV349CLEANED,3502,3506,,Fixed Object
RURAL,NC 180,0.0,E,SR 2202,NC 226,NC 180,5.263,,107854797,2024-09-15,30,1,7,1,C,35.255409,-81.50528,DMV349CLEANED,3535,3495,,Angle
RURAL,NC 180,0.027,N,SR 2202,PINNACLE CROSSING,NC 180,5.29,,107689917,2024-04-16,21,1,0,1,O,35.25546,-81.50525,DMV349CLEANED,3556,3638,,"Rear End, Slow or Stop"
RURAL,PVA 1502 S POST RD,0.015,W,NC 180,DEAD END,,999.999,,107640867,2024-02-27,31,1,4,1,O,35.24,-81.5,DMV349,3631,,,Backing Up
RURAL,NC 180,0.66,N,SR 1104,SR 1103,NC 180,4.557,,107967581,2024-12-09,29,2,0,1,O,35.24,-81.5,DMV349,3631,-232,,"Sideswipe, Opposite Direction"
RURAL,NC 180,0.005,S,SR 1104,SR 2204,NC 180,3.892,,107579023,2023-12-28,19,1,5,5,O,35.23693,-81.51392,DMV349CLEANED,3681,-3744,,Fixed Object
PATTERSON SPRINGS,NC 180,0.0,,SR 1104,NC 226,NC 180,3.897,,107794534,2024-07-23,23,1,8,1,O,35.236953,-81.514,DMV349CLEANED,3682,-3717,,"Left Turn, Same Roadway"
PATTERSON SPRINGS,NC 180,0.009,S,SR 1104,SR 2205,NC 180,3.888,,107887415,2024-10-17,21,1,8,1,O,35.236853,-81.51403,DMV349CLEANED,3719,-3765,,"Rear End, Slow or Stop"
PATTERSON SPRINGS,NC 180,0.1,N,SR 2205,SR 1104,NC 180,3.83,,107889001,2024-10-16,19,1,0,3,O,35.23642,-81.51411,DMV349CLEANED,3875,-4071,,Fixed Object
RURAL,NC 180,0.1,S,NC 226,SR 2329,NC 180,5.03,Y,108242214,2025-09-18,21,1,0,1,C,35.25649,-81.50493,DMV349CLEANED,3941,2265,,"Rear End, Slow or Stop"
RURAL,NC 180,0.12,N,SR 2202,SR 2200,NC 180,5.383,,107788211,2024-07-12,19,1,0,5,B,35.25683,-81.50496,DMV349CLEANED,4055,4129,,Fixed Object
PATTERSON SPRINGS,NC 180,0.019,S,SR 1104,SR 2205,NC 180,3.878,,107514796,2023-11-03,21,1,0,1,B,35.23596,-81.5144,DMV349CLEANED,4063,-3817,,"Rear End, Slow or Stop"
RURAL,SR 1103,0.7,W,NC 180,SR 2413,SR 1103,4.344,,107561849,2023-12-09,19,2,0,5,,35.25289,-81.52104,DMV349CLEANED,4212,3696,,Fixed Object
RURAL,SR 1103,0.7,SW,NC 180,SR 2413,SR 1103,2.944,,107561850,2023-12-09,19,2,0,5,,35.25289,-81.52104,DMV349CLEANED,4212,-3696,,Fixed Object
RURAL,NC 180,0.16,N,SR 2202,SR 2200,NC 180,5.423,,107625508,2024-02-12,19,2,0,5,B,35.257995,-81.50464,DMV349CLEANED,4489,4340,,Fixed Object
RURAL,SR 1103,0.0,,SR 2208,SR 2206,SR 1103,2.675,,107820274,2024-08-15,24,1,9,1,O,35.23849,-81.49754,DMV349CLEANED,4547,-5116,,"Left Turn, Different Roadways"
PATTERSON SPRINGS,NC 180,0.0,,SR 2205,NC 226,NC 180,3.73,,107523425,2023-11-10,21,1,8,5,C,35.2347,-81.51497,DMV349CLEANED,4553,-4599,,"Rear End, Slow or Stop"
PATTERSON SPRINGS,SR 2205,0.0,,NC 180,SR 2206,SR 2205,0.874,,107752356,2024-06-11,24,1,8,1,O,35.23461,-81.51486,DMV349CLEANED,4572,,,"Left Turn, Different Roadways"
PATTERSON SPRINGS,SR 2205,0.0,,NC 180,NC 226,SR 2205,0.874,,108096274,2025-04-30,23,1,8,1,O,35.23434,-81.51402,DMV349CLEANED,4583,,,"Left Turn, Same Roadway"
PATTERSON SPRINGS,NC 180,0.004,S,SR 2205,NC 226,NC 180,3.726,,107766974,2024-06-25,21,1,0,1,O,35.23433,-81.51511,DMV349CLEANED,4694,-4620,,"Rear End, Slow or Stop"
RURAL,SR 1103,0.057,E,SR 1100,SR 2384,SR 1103,4.568,,107831468,2024-08-22,19,1,0,1,C,35.25363,-81.5224,DMV349CLEANED,4699,4879,,Fixed Object
PATTERSON SPRINGS,NC 180,0.0,,SR 2205,NC 226,NC 180,3.73,,107958413,2024-12-13,21,1,8,5,B,35.234,-81.515,DMV349CLEANED,4795,-4599,,"Rear End, Slow or Stop"
RURAL,NC 180,0.1,N,SR 2409,SR 2200,NC 180,999.999,,108129530,2025-05-29,19,2,0,4,C,35.258959,-81.50406,DMV349CLEANED,4877,,,Fixed Object
RURAL,NC 180,0.47,S,SR 2200,NC 226,NC 180,5.537,,108392572,2026-01-23,19,1,0,1,B,35.25885,-81.50365,DMV349CLEANED,4881,4942,,Fixed Object
RURAL,NC 226,1.1,N,NC 180,SR 1100,NC 226,8.805,Y,108032339,2025-02-21,17,1,0,5,O,35.26,-81.51,DMV349,4992,,,Animal
RURAL,NC 226,0.2,S,SR 1100,NC 180,NC 226,8.85,,108249043,2025-09-17,17,1,0,6,O,35.26,-81.51,DMV349,4992,,,Animal
RURAL,NC 226,0.19,S,SR 2403,SR 2402,NC 226,8.388,,108289018,2025-10-27,19,2,0,5,O,35.26,-81.51,DMV349,4992,,,Fixed Object
RURAL,SR 1100,0.0,,SR 1103,SR 1102,SR 1100,0.97,,107597927,2024-01-08,24,1,8,5,B,35.25445,-81.52315,DMV349CLEANED,5054,,,"Left Turn, Different Roadways"
PATTERSON SPRINGS,PVA 1901 SOUTH POST ROAD,0.028,E,NC 226,DEAD END,,999.999,,108071896,2025-04-06,19,2,4,4,O,35.232914,-81.51544,DMV349,5212,,,Fixed Object
RURAL,NC 180,0.35,N,NC 226,US 74,NC 180,5.48,Y,108097089,2025-04-30,21,1,0,1,O,35.2599,-81.50287,DMV349CLEANED,5322,4641,,"Rear End, Slow or Stop"
PATTERSON SPRINGS,NC 180,0.0,,NC 226,SR 2205,NC 180,3.558,Y,107618300,2024-02-04,23,1,8,1,B,35.23246,-81.51636,DMV349CLEANED,5465,-5507,,"Left Turn, Same Roadway"
PATTERSON SPRINGS,NC 180,0.0,,NC 226,SR 2205,NC 180,3.558,Y,107949903,2024-12-07,21,1,8,1,O,35.232445,-81.51641,DMV349CLEANED,5476,-5507,,"Rear End, Slow or Stop"
PATTERSON SPRINGS,NC 226,0.0,,NC 180,SR 2205,NC 180,3.558,Y,108499536,2026-05-15,21,1,8,1,O,35.232,-81.515,DMV349CLEANED,5485,-5507,,"Rear End, Slow or Stop"
PATTERSON SPRINGS,NC 180,0.0,,NC 226,SR 1103,NC 180,5.13,Y,107872572,2024-10-01,24,1,8,5,O,35.23232,-81.5162,DMV349CLEANED,5495,2793,,"Left Turn, Different Roadways"
RURAL,NC 180,0.4,NE,SR 2202,SR 1232,NC 180,5.663,,108372870,2026-01-13,21,1,0,1,O,35.260283,-81.50238,DMV349CLEANED,5506,5607,,"Rear End, Slow or Stop"
PATTERSON SPRINGS,NC 226,0.0,,NC 180,SR 2205,NC 180,3.558,Y,107971723,2024-12-12,24,1,8,1,O,35.232346,-81.51643,DMV349CLEANED,5512,-5507,,"Left Turn, Different Roadways"
RURAL,NC 180,0.2,S,SR 1232,NC 226,NC 180,5.807,,108016100,2025-02-05,21,1,0,1,O,35.26043,-81.5026,DMV349CLEANED,5531,6368,,"Rear End, Slow or Stop"
PATTERSON SPRINGS,NC 180,0.0,,NC 226,SR 2205,NC 180,3.558,Y,108284326,2025-10-28,31,1,8,1,O,35.232,-81.516,DMV349CLEANED,5582,-5507,,Backing Up
RURAL,NC 226,0.1,NW,SR 2402,SR 2403,NC 226,8.477,,108320573,2025-11-24,17,1,0,5,O,35.261425,-81.51445,DMV349CLEANED,5710,,,Animal
RURAL,NC 180,0.3,S,SR 2200,SR 2202,NC 180,5.707,,107781676,2024-07-13,19,1,0,1,O,35.260879,-81.50151,DMV349CLEANED,5808,5840,,Fixed Object
PATTERSON SPRINGS,NC 180,0.0,S,NC 226,NC 198,NC 180,3.558,Y,107844258,2024-09-05,21,1,8,5,O,35.23164,-81.51696,DMV349CLEANED,5810,-5507,,"Rear End, Slow or Stop"
PATTERSON SPRINGS,NC 180,0.26,NE,SR 1282,NC 226,NC 180,3.483,,107937870,2024-11-26,19,1,0,5,,35.231592,-81.51707,DMV349CLEANED,5839,-5903,,Fixed Object
RURAL,NC 226,0.1,N,SR 2402,SR 1100,NC 226,8.477,,107234593,2023-02-01,14,1,0,5,C,35.261966,-81.514838,VHB_PEDBIKE,5931,,,Pedestrian
PATTERSON SPRINGS,NC 180,0.0,,SR 1104,SR 2205,NC 180,3.897,,108218518,2025-08-21,19,1,0,5,K,35.23,-81.51,DMV349,5958,-3717,,Fixed Object
PATTERSON SPRINGS,NC 226,0.004,S,NC 180,SR 2206,NC 226,999.999,,108017591,2025-02-11,21,1,8,5,O,35.23,-81.51,DMV349,5958,,,"Rear End, Slow or Stop"
RURAL,NC 180,0.37,S,SR 1104,NC 226,NC 180,3.527,,108050822,2025-03-17,30,1,0,5,O,35.23,-81.51,DMV349,5958,-5671,,Angle
SHELBY,POST,0.0,,PINNACLE CROSSING,CARMEL,POST,999.999,,108055940,2025-03-09,27,1,0,4,A,35.26123,-81.501173,ITRE_SEVEREINJURY,5966,,,Head On
RURAL,NC 226,0.028,S,SR 2403,SR 2359,NC 226,8.55,,108102827,2025-04-28,29,1,0,1,O,35.262613,-81.51541,DMV349CLEANED,6206,,,"Sideswipe, Opposite Direction"
RURAL,NC 226,0.019,S,SR 2403,SR 2359,NC 226,8.559,,108083005,2025-04-13,21,1,8,1,O,35.262826,-81.5155,DMV349CLEANED,6288,,,"Rear End, Slow or Stop"
RURAL,SR 1103,0.1,E,SR 2201,SR 2208,SR 1103,1.874,,107747064,2024-06-03,29,1,0,1,O,35.24027,-81.48941,DMV349CLEANED,6355,-9346,,"Sideswipe, Opposite Direction"
PATTERSON SPRINGS,NC 180,0.15,N,SR 1282,NC 226,NC 180,3.373,,107661636,2024-03-17,19,1,0,5,,35.230227,-81.51813,DMV349CLEANED,6422,-6484,,Fixed Object
PATTERSON SPRINGS,NC 226,0.11,S,SR 2330,CAROTHERS,NC 226,5.843,,107974945,2024-12-29,29,1,0,5,O,35.228793,-81.51386,DMV349CLEANED,6532,,,"Sideswipe, Opposite Direction"
RURAL,SR 1103,1.1,E,NC 180,SR 2205,SR 1103,2.544,,108049317,2025-03-13,29,1,0,1,O,35.23,-81.5,DMV349,6582,-5808,,"Sideswipe, Opposite Direction"
RURAL,SR 1103,0.1,W,SR 2201,SR 2303,SR 1103,2.074,,107586901,2023-12-24,19,1,0,5,C,35.24092,-81.48791,DMV349CLEANED,6702,-8290,,Fixed Object
PATTERSON SPRINGS,NC 180,0.6,N,SR 1100,NC 226,NC 180,3.307,,107646289,2024-03-01,19,3,0,1,O,35.22954,-81.51868,DMV349CLEANED,6717,-6832,,Fixed Object
RURAL,NC 226,0.1,N,SR 2403,SR 1213,NC 226,8.678,,107689862,2024-04-07,14,1,0,5,K,35.264087,-81.516508,VHB_PEDBIKE,6817,,,Pedestrian
RURAL,SR 1103,0.1,W,SR 2201,SR 2303,SR 1103,2.074,,107534862,2023-11-17,5,2,0,5,,35.24106,-81.48724,DMV349CLEANED,6879,-8290,,
RURAL,NC 180,0.65,N,SR 2202,US 74,NC 180,5.913,,108488522,2026-05-01,28,1,0,5,O,35.26331,-81.49903,DMV349CLEANED,6925,6927,,"Sideswipe, Same Direction"
RURAL,NC 226,0.0,,CAROTHERS,SR 2210,NC 226,5.729,,108409177,2026-02-20,23,1,8,5,B,35.227467,-81.51262,DMV349CLEANED,6945,,,"Left Turn, Same Roadway"
RURAL,NC 226,0.25,E,SR 2403,SR 1100,NC 226,8.328,,108439686,2026-03-21,17,1,0,5,O,35.264692,-81.51695,DMV349CLEANED,7067,,,Animal
PATTERSON SPRINGS,SR 1282,0.009,S,NC 180,SR 1280,SR 1282,0.0,,108517961,2026-05-25,31,1,5,1,O,35.22911,-81.52031,DMV349CLEANED,7070,,,Backing Up
PATTERSON SPRINGS,NC 180,0.1,N,SR 1279,SR 1282,NC 180,3.173,,108013160,2025-02-02,29,1,8,1,A,35.228882,-81.52015,DMV349CLEANED,7123,-7540,,"Sideswipe, Opposite Direction"
RURAL,NC 226,0.32,S,SR 1100,SR 2403,NC 226,8.73,,107732079,2024-05-23,32,1,0,1,O,35.264833,-81.51713,DMV349CLEANED,7133,,,Other Collision With Vehicle
RURAL,NC 226,0.1,S,KIM,SR 2210,NC 226,5.677,,107133034,2022-11-03,29,1,0,1,O,35.226866,-81.512186,ITRE_CMV,7147,,,"Sideswipe, Opposite Direction"
RURAL,NC 180,0.0,,SR 1232,SR 2312,NC 180,6.007,,108370533,2026-01-12,30,1,7,1,B,35.264,-81.49857,DMV349CLEANED,7212,7424,,Angle
RURAL,NC 180,0.0,,SR 2200,SR 2202,NC 180,6.007,,107460803,2023-09-16,30,2,7,5,O,35.264,-81.4984,DMV349CLEANED,7235,7424,,Angle
RURAL,NC 180,0.1,N,SR 2200,US 74,NC 180,6.107,,108342745,2025-12-08,17,1,0,5,O,35.264302,-81.49833,DMV349CLEANED,7342,7952,,Animal
RURAL,PVA 800 S POST RD,0.002,N,NC 180,SR 1232,,999.999,,108050519,2025-03-11,20,1,4,1,O,35.26497,-81.4982,DMV349,7578,,,Parked Motor Vehicle
RURAL,SR 2200,0.0,,NC 180,US 74,SR 2200,0.0,,107986446,2025-01-10,24,1,7,5,O,35.26,-81.49,DMV349,7637,,,"Left Turn, Different Roadways"
RURAL,NC 180,0.0,,SR 1926,SR 1933,NC 180,10.239,,108356652,2025-12-22,24,1,7,1,C,35.26,-81.49,DMV349,7637,29769,,"Left Turn, Different Roadways"
RURAL,NC 180,0.4,S,US 74,SR 1232,NC 180,6.188,,108500480,2026-05-11,28,1,0,1,O,35.26,-81.49,DMV349,7637,8379,,"Sideswipe, Same Direction"
RURAL,NC 180,0.4,N,SR 2426,NC 226,NC 180,3.246,,107637302,2024-02-18,21,1,0,1,O,35.226,-81.52,DMV349,8058,-7154,,"Rear End, Slow or Stop"
PATTERSON SPRINGS,NC 180,0.3,N,SR 1100,NC 226,NC 180,3.007,,106948215,2022-05-07,14,1,0,5,A,35.22732,-81.523306,VHB_PEDBIKE,8075,-8416,,Pedestrian
RURAL,NC 180,0.4,S,US 74,SR 2200,NC 180,6.188,,107739240,2024-05-27,19,1,0,5,O,35.26651,-81.49789,DMV349CLEANED,8124,8379,,Fixed Object
RURAL,NC 226,0.1,NE,SR 2210,NC 180,NC 226,5.238,,108251819,2025-10-04,17,1,0,5,O,35.223433,-81.50928,DMV349CLEANED,8351,,,Animal
RURAL,NC 180,0.75,SW,NC 226,NC 198,NC 180,2.808,Y,107595830,2024-01-12,19,1,0,5,O,35.22577,-81.49578,DMV349CLEANED,8527,-9467,,Fixed Object
RURAL,SR 2210,0.0,N,NC 226,DEAD END,SR 2210,0.0,,108153004,2025-06-25,21,1,8,1,O,35.22281,-81.50917,DMV349CLEANED,8579,,,"Rear End, Slow or Stop"
RURAL,NC 226,0.1,S,SR 1100,SR 2403,NC 226,8.95,,107530040,2023-11-16,17,1,0,5,O,35.26805,-81.52073,DMV349CLEANED,8614,,,Animal
RURAL,SR 1103,0.3,E,SR 2201,SR 2380,SR 1103,1.674,,108354739,2025-12-25,19,1,0,1,O,35.24,-81.48,DMV349,9061,-10402,,Fixed Object
RURAL,NC 180,0.3,N,NC 198,NC 226,NC 180,2.911,,107958464,2024-12-03,19,1,0,1,,35.225,-81.526,DMV349CLEANED,9217,-8923,,Fixed Object
RURAL,SR 1103,0.3,S,SR 2380,SR 2439,SR 1103,0.972,,108308101,2025-11-15,17,1,0,5,O,35.238,-81.48,DMV349,9274,-14108,,Animal
RURAL,NC 180,0.0,,SR 1100,SR 1279,NC 180,2.707,,108018630,2025-02-09,21,1,8,1,O,35.225127,-81.52801,DMV349CLEANED,9514,-10000,,"Rear End, Slow or Stop"
RURAL,NC 180,0.0,,SR 1100,SR 2426,NC 180,2.707,,108124134,2025-05-22,23,1,8,1,O,35.225105,-81.52802,DMV349CLEANED,9522,-10000,,"Left Turn, Same Roadway"
RURAL,NC 180,0.0,,SR 1100,SR 2426,NC 180,2.707,,108013171,2025-02-02,21,1,8,1,O,35.225072,-81.52805,DMV349CLEANED,9537,-10000,,"Rear End, Slow or Stop"
RURAL,SR 1103,0.47,S,SR 2201,SR 2238,SR 1103,1.504,,108296057,2025-11-02,18,1,0,1,O,35.236956,-81.47948,DMV349CLEANED,9550,-11299,,Movable Object
RURAL,NC 180,0.0,,SR 1100,NC 198,NC 180,2.707,,108596738,2026-08-19,19,1,8,1,O,35.22494,-81.5281,DMV349CLEANED,9585,-10000,,Fixed Object
RURAL,NC 226,0.4,S,NC 180,SR 2210,NC 226,5.733,Y,108307787,2025-10-29,19,1,0,5,O,35.22,-81.51,DMV349,9605,,,Fixed Object
RURAL,NC 180,0.2,S,NC 198,NC 198,NC 180,2.411,,108266719,2025-10-12,19,1,0,1,O,35.22,-81.51,DMV349,9605,-11563,,Fixed Object
RURAL,NC 180,0.2,S,NC 226,SR 1282,NC 180,3.358,Y,108397575,2026-01-30,19,1,0,1,O,35.22,-81.51,DMV349,9605,-6563,,Fixed Object
PATTERSON SPRINGS,PVA 2302 SOUTH POST ROAD,0.019,N,NC 180,DEAD END,,999.999,,108040266,2025-03-04,20,1,4,4,,35.225109,-81.52852,DMV349,9609,,,Parked Motor Vehicle
RURAL,NC 180,0.0,,NC 198,SR 2474,NC 180,2.611,,108182082,2025-07-21,19,1,9,4,B,35.224,-81.528,DMV349CLEANED,9850,-10507,,Fixed Object
RURAL,NC 180,0.028,N,SR 1100,SR 1279,NC 180,2.735,,108238547,2025-09-19,21,1,0,1,O,35.224,-81.528,DMV349CLEANED,9850,-9852,,"Rear End, Slow or Stop"
PATTERSON SPRINGS,NC 180,0.002,S,PVA 2312 S POST RD,DEAD END,,999.999,,108049427,2025-03-10,19,1,4,1,O,35.224202,-81.52889,DMV349CLEANED,9941,,,Fixed Object
RURAL,NC 226,0.095,NW,SR 2210,NC 226,NC 226,5.433,,107636160,2024-02-23,28,1,0,1,O,35.22,-81.5,DMV349,10004,,,"Sideswipe, Same Direction"
RURAL,NC 198,0.42,S,NC 180,SR 1107,NC 198,3.817,,108466436,2026-04-13,31,1,0,5,O,35.22,-81.52,DMV349,10109,,,Backing Up
RURAL,NC 180,0.0,,PVA 2302 S POST RD,NC 198,,999.999,,108393572,2026-02-05,24,1,5,1,O,35.22,-81.52,DMV349,10109,,,"Left Turn, Different Roadways"
RURAL,PVA 2302 S POST RD,0.0,,NC 180,NC 198,,999.999,,108377887,2026-01-17,24,1,4,1,O,35.22,-81.52,DMV349,10109,,,"Left Turn, Different Roadways"
RURAL,NC 180,0.0,S,SR 1100,NC 198,NC 180,2.707,,108149676,2025-06-19,21,1,8,1,O,35.22,-81.52,DMV349,10109,-10000,,"Rear End, Slow or Stop"
RURAL,PVA 2302 SOUTH POST RD,0.009,NW,NC 180,DEAD END,,999.999,,107636162,2024-02-23,31,1,4,1,O,35.22,-81.52,DMV349,10109,,,Backing Up
RURAL,NC 180,0.2,S,SR 1279,SR 1100,NC 180,2.873,,108532759,2026-06-17,29,1,0,1,C,35.22,-81.52,DMV349,10109,-9124,,"Sideswipe, Opposite Direction"
RURAL,SR 1103,0.1,S,SR 2380,*LCL DAYVEIW DR ,SR 1103,1.172,,107913182,2024-11-07,21,2,0,1,O,35.235534,-81.47811,DMV349CLEANED,10122,-13052,,"Rear End, Slow or Stop"
RURAL,SR 1103,0.0,,SR 2380,SR 2204,SR 1103,1.272,,107661715,2024-03-20,19,1,8,1,O,35.23495,-81.47744,DMV349CLEANED,10390,-12524,,Fixed Object
SHELBY,NC 180,0.021,N,US 74,KING,NC 180,6.609,,108305564,2025-11-13,31,1,7,1,O,35.27,-81.49,DMV349,10394,10602,,Backing Up
RURAL,NC 226,0.087,N,SR 2208,SR 2366,NC 226,4.928,,107468276,2023-09-24,17,1,0,5,O,35.2181,-81.5038,DMV349CLEANED,10431,,,Animal
SHELBY,NC 226,0.0,,GROVE,GANT,NC 226,9.428,,108592040,2026-08-03,22,1,8,1,O,35.271437,-81.5264,DMV349CLEANED,10467,,,"Rear End, Turn"
RURAL,SR 1103,0.019,E,*LCL DAYVIEW DR ,SR 2238,,999.999,,107549290,2023-11-21,19,2,8,1,O,35.23522,-81.47687,DMV349CLEANED,10507,,,Fixed Object
RURAL,NC 226,0.0,,SR 2208,SR 2366,NC 226,4.841,,107534570,2023-11-18,5,1,8,5,C,35.21769,-81.50337,DMV349CLEANED,10600,,,
RURAL,SR 1103,0.1,NE,SR 2380,SR 2238,SR 1103,1.172,,107608377,2024-01-27,19,2,0,5,O,35.23557,-81.47602,DMV349CLEANED,10694,-13052,,Fixed Object
RURAL,NC 226,0.0,,SR 2208,SR 2212,NC 226,4.841,,107773453,2024-07-02,21,1,8,1,O,35.217415,-81.50297,DMV349CLEANED,10719,,,"Rear End, Slow or Stop"
RURAL,NC 180,0.1,N,SR 2474,NC 198,NC 180,2.421,,107542719,2023-11-27,17,1,0,1,O,35.22254,-81.53091,DMV349CLEANED,10786,-11510,,Animal
RURAL,NC 180,0.0,S,SR 1107,SR 2214,NC 180,2.166,,108069637,2025-04-01,30,1,7,1,O,35.22,-81.53,DMV349,11396,-12857,,Angle
RURAL,NC 180,0.1,S,NC 198,SR 1107,NC 180,2.511,,108619380,2026-08-30,32,1,0,5,O,35.22,-81.53,DMV349,11396,-11035,,Other Collision With Vehicle
RURAL,NC 180,0.1,S,NC 198,SR 1107,NC 180,2.511,,108607424,2026-08-30,5,1,0,5,B,35.22,-81.53,DMV349,11396,-11035,,
RURAL,NC 198,0.11,N,SR 1107,NC 180,NC 198,3.915,,107475439,2023-09-30,17,1,0,1,O,35.21928,-81.52918,DMV349CLEANED,11491,,,Animal
RURAL,NC 226,0.008,N,SR 2212,SR 2208,NC 226,4.662,,108106830,2025-05-08,19,2,0,1,O,35.215,-81.502,DMV349CLEANED,11639,,,Fixed Object
RURAL,NC 198,0.0,,SR 1107,NC 180,NC 198,3.805,,107717648,2024-05-08,24,1,8,2,C,35.21774,-81.52951,DMV349CLEANED,12026,,,"Left Turn, Different Roadways"
RURAL,NC 198,0.0,,SR 1107,NC 180,NC 198,3.805,,108074985,2025-04-06,24,1,8,1,C,35.217,-81.529,DMV349CLEANED,12187,,,"Left Turn, Different Roadways"
RURAL,NC 180,0.2,S,NC 198,SR 1107,NC 180,2.411,,108422461,2026-02-28,30,1,7,1,C,35.22,-81.53496,DMV349,12255,-11563,,Angle
RURAL,NC 180,0.0,,SR 1107,SR 1298,NC 180,2.166,,107641472,2024-03-01,23,2,7,1,O,35.220017,-81.53501,DMV349CLEANED,12260,-12857,,"Left Turn, Same Roadway"
RURAL,NC 180,0.0,,SR 1107,NC 198,NC 180,2.166,,108506418,2026-05-22,24,2,7,5,C,35.219995,-81.53505,DMV349CLEANED,12273,-12857,,"Left Turn, Different Roadways"
RURAL,NC 180,0.0,,SR 1107,SR 1299,NC 180,2.166,,108605918,2026-08-24,30,1,7,5,C,35.219985,-81.53511,DMV349CLEANED,12287,-12857,,Angle
RURAL,NC 180,0.0,,SR 1107,NC 198,NC 180,2.166,,107852040,2024-09-11,30,1,7,1,O,35.219982,-81.53511,DMV349CLEANED,12288,-12857,,Angle
RURAL,NC 180,0.0,,SR 1107,SR 2214,NC 180,2.166,,108018621,2025-02-08,30,1,7,1,C,35.21983,-81.53504,DMV349CLEANED,12319,-12857,,Angle
RURAL,SR 1107,0.009,W,NC 180,SR 1299,SR 1107,2.029,,108581824,2026-07-28,13,1,7,1,A,35.219986,-81.53542,DMV349CLEANED,12345,,,
PATTERSON SPRINGS,NC 180,0.0,S,SR 1107,SR 2214,NC 180,2.166,,107598017,2024-01-10,30,1,7,1,C,35.21993,-81.53547,DMV349CLEANED,12370,-12857,,Angle
RURAL,NC 180,0.0,,SR 1107,NC 198,NC 180,2.166,,107603450,2024-01-21,30,1,7,5,O,35.21964,-81.53527,DMV349CLEANED,12416,-12857,,Angle
RURAL,SR 1103,0.38,E,SR 2380,SR 2238,SR 1103,0.892,,107557795,2023-12-09,19,2,0,1,O,35.23376,-81.47068,DMV349CLEANED,12417,-14531,,Fixed Object
RURAL,NC 180,0.0,,SR 1107,SR 2214,NC 180,2.166,,108311217,2025-11-13,23,1,8,5,O,35.21924,-81.53567,DMV349CLEANED,12604,-12857,,"Left Turn, Same Roadway"
RURAL,SR 1103,0.5,E,*LCL DAYVIEW DR ,SR 2238,,999.999,,107661581,2024-03-18,19,1,0,1,C,35.23396,-81.46952,DMV349CLEANED,12712,,,Fixed Object
RURAL,NC 226,0.024,N,SARA,SR 2212,NC 226,4.414,,108401349,2026-02-13,17,1,0,5,O,35.212053,-81.49947,DMV349CLEANED,12849,,,Animal
RURAL,NC 226,0.0,,SARA,SR 2405,NC 226,4.39,,107714745,2024-05-02,26,1,8,1,O,35.211806,-81.49916,DMV349CLEANED,12958,,,"Right Turn, Different Roadways"
PATTERSON SPRINGS,NC 180,0.3,S,NC 226,SR 1282,NC 180,3.258,Y,107835132,2024-08-29,29,1,0,1,B,35.229771,-81.54864,DMV349CLEANED,13157,-7091,,"Sideswipe, Opposite Direction"
RURAL,SR 1103,0.8,W,SR 2238,SR 2201,SR 1103,0.8,,108316843,2025-11-18,19,1,0,1,,35.23,-81.47,DMV349,13166,-15016,,Fixed Object
RURAL,NC 198,0.67,S,NC 180,SR 2226,NC 198,3.567,,107534559,2023-11-17,25,1,0,1,O,35.21373,-81.52999,DMV349CLEANED,13379,,,"Right Turn, Same Roadway"
RURAL,NC 198,0.1,S,SR 2377,SR 1107,NC 198,3.376,,108134217,2025-05-23,26,1,0,1,O,35.21362,-81.53022,DMV349CLEANED,13446,,,"Right Turn, Different Roadways"
RURAL,NC 180,0.5,N,SR 2214,SR 1107,NC 180,1.446,,108230779,2025-09-08,19,1,0,1,O,35.21,-81.5,DMV349,13545,-16658,,Fixed Object
RURAL,NC 226,0.22,N,SR 2208,SR 2366,NC 226,5.061,,107988194,2025-01-12,17,1,0,5,O,35.21,-81.5,DMV349,13545,,,Animal
RURAL,NC 226,0.01,S,SR 2405,SR 2228,NC 226,4.315,,108162068,2025-07-04,19,1,0,1,O,35.21,-81.497,DMV349,13758,,,Fixed Object
RURAL,NC 226,1.41,N,SR 2228,SR 2405,NC 226,4.052,,107562009,2023-12-12,19,1,0,2,B,35.20926,-81.49571,DMV349CLEANED,14124,,,Fixed Object
RURAL,NC 226,0.2,S,SR 2405,*LCL LEMMONWOOD LN ,NC 226,4.125,,108461472,2026-04-07,21,1,0,1,C,35.21,-81.49,DMV349,14459,,,"Rear End, Slow or Stop"
RURAL,NC 180,0.0,,SR 1107,NC 198,NC 180,2.166,,108319531,2025-11-20,19,1,7,5,O,35.21,-81.53,DMV349,14603,-12857,,Fixed Object
RURAL,SR 1107,0.006,W,NC 180,SR 1128,SR 1107,2.032,,107865065,2024-09-27,21,1,7,1,O,35.21,-81.53,DMV349,14603,,,"Rear End, Slow or Stop"
RURAL,NC 180,0.75,N,SR 2214,SR 1107,NC 180,1.696,,108247170,2025-09-27,23,1,5,1,O,35.214495,-81.5392,DMV349CLEANED,14616,-15338,,"Left Turn, Same Roadway"
RURAL,NC 180,0.8,S,SR 2214,SR 2425,NC 180,0.146,,108073780,2025-04-08,17,1,0,5,O,35.214,-81.539,DMV349CLEANED,14725,-23522,,Animal
RURAL,NC 198,0.25,S,SR 2377,SR 2226,NC 198,3.226,,107591338,2024-01-10,24,1,4,1,B,35.2094,-81.53071,DMV349CLEANED,14891,,,"Left Turn, Different Roadways"
RURAL,NC 180,0.1,N,SR 1107,SR 1100,NC 180,2.266,,108076032,2025-04-11,17,2,0,5,O,35.21363,-81.53939,DMV349CLEANED,14902,-12329,,Animal
RURAL,SR 1103,0.15,W,SR 2238,SR 2243,SR 1103,0.15,,107623829,2024-02-11,29,2,0,1,O,35.23688,-81.46067,DMV349CLEANED,14925,-18448,,"Sideswipe, Opposite Direction"
RURAL,SR 1103,0.75,E,SR 2439,SR 2238,SR 1103,0.373,,108007929,2025-01-31,29,1,0,1,O,35.23674,-81.46069,DMV349CLEANED,14931,-17271,,"Sideswipe, Opposite Direction"
RURAL,SR 1103,0.5,E,*LCL DAYVIEW DR ,SR 2238,,999.999,,108454047,2026-03-31,19,1,0,1,O,35.23681,-81.45968,DMV349CLEANED,15218,,,Fixed Object
SHELBY,NC 180,0.1,N,US 74BUS,SR 2667,NC 180,7.544,,107937908,2024-11-27,17,1,0,1,O,35.285538,-81.49117,DMV349CLEANED,15303,15539,,Animal
RURAL,NC 198,0.11,S,RECYCLING,*LCL HOKE POND RD ,NC 198,999.999,,107950046,2024-12-07,23,1,13,1,C,35.208218,-81.53089,DMV349CLEANED,15305,,,"Left Turn, Same Roadway"
RURAL,SR 1103,2.54,E,SR 2201,SR 2238,SR 1103,0.0,,107536023,2023-11-13,19,1,0,3,O,35.2366,-81.45942,DMV349CLEANED,15311,-19240,,Fixed Object
RURAL,NC 180,0.2,S,SR 1107,SR 2367,NC 180,1.966,,107788172,2024-07-05,19,1,5,5,O,35.21257,-81.54005,DMV349CLEANED,15330,-13913,,Fixed Object
RURAL,NC 226,0.5,S,SR 2405,SR 2228,NC 226,3.825,,108386851,2026-01-29,17,1,0,5,O,35.206,-81.49221,DMV349CLEANED,15578,,,Animal
RURAL,SR 2238,0.0,,SR 1103,US 74,SR 2238,4.834,,107804386,2024-08-01,21,1,8,1,B,35.23552,-81.45754,DMV349CLEANED,15949,,,"Rear End, Slow or Stop"
RURAL,SR 2238,0.002,E,SR 1103,SR 2243,SR 2238,4.832,,108578239,2026-07-19,19,2,8,5,O,35.235665,-81.45744,DMV349CLEANED,15965,,,Fixed Object
RURAL,NC 180,0.77,N,SR 2367,SR 1107,NC 180,1.812,,107996199,2025-01-16,19,1,0,1,A,35.210613,-81.54109,DMV349CLEANED,16089,-14726,,Fixed Object
RURAL,NC 198,0.1,S,SR 2226,SR 1107,NC 198,2.716,,108310115,2025-11-09,19,1,0,5,C,35.20552,-81.53145,DMV349CLEANED,16271,,,Fixed Object
RURAL,NC 198,0.1,N,SR 2226,SR 2377,NC 198,2.916,,108564105,2026-07-10,19,1,0,5,C,35.205393,-81.5313,DMV349CLEANED,16295,,,Fixed Object
RURAL,NC 198,0.5,S,SR 1107,SR 2226,NC 198,3.305,,107012201,2022-07-06,14,1,0,5,K,35.205382,-81.531324,VHB_PEDBIKE,16302,,,Pedestrian
RURAL,NC 226,0.066,NW,GARDEN,GREENHILL,NC 226,3.703,,107794532,2024-07-19,19,1,0,5,C,35.20441,-81.49028,DMV349CLEANED,16319,,,Fixed Object
RURAL,NC 226,1.0,S,SR 2212,SR 2228,NC 226,3.654,,107886062,2024-10-15,29,1,0,1,O,35.204257,-81.48988,DMV349CLEANED,16413,,,"Sideswipe, Opposite Direction"
RURAL,NC 180,0.2,N,SR 2214,SR 1107,NC 180,1.146,,108181734,2025-07-24,17,1,0,5,O,35.21002,-81.54202,DMV349CLEANED,16427,-18242,,Animal
RURAL,NC 226,1.75,S,SR 2205,PENANCE,NC 226,4.555,,107559371,2023-12-02,28,2,0,5,O,35.20407,-81.48962,DMV349CLEANED,16504,,,"Sideswipe, Same Direction"
RURAL,NC 226,0.89,S,SR 2405,SR 2228,NC 226,3.435,,108001383,2025-01-24,17,1,0,5,O,35.20392,-81.48927,DMV349CLEANED,16593,,,Animal
RURAL,NC 226,0.1,N,SR 2405,SR 2212,NC 226,4.425,,108234606,2025-09-08,29,1,0,5,O,35.20389,-81.48925,DMV349CLEANED,16605,,,"Sideswipe, Opposite Direction"
RURAL,SR 2226,0.002,E,NC 198,SR 2212,SR 2226,4.512,,108085994,2025-04-19,21,1,8,1,O,35.203581,-81.53165,DMV349CLEANED,16943,,,"Rear End, Slow or Stop"
RURAL,NC 226,0.8,SE,SR 2405,SR 2228,NC 226,3.525,,107618305,2024-02-06,28,1,0,5,O,35.20242,-81.48819,DMV349CLEANED,17220,,,"Sideswipe, Same Direction"
RURAL,NC 180,0.17,N,SR 2214,SR 1107,NC 180,1.116,,107863492,2024-09-25,17,1,0,1,O,35.20774,-81.54517,DMV349CLEANED,17655,-18401,,Animal
EARL,NC 198,0.0,,SR 2213,SR 2226,NC 198,2.662,,107534345,2023-11-09,24,1,8,1,O,35.20139,-81.53248,DMV349CLEANED,17776,,,"Left Turn, Different Roadways"
RURAL,NC 180,0.044,E,SR 2367,SR 1107,NC 180,1.086,,107893843,2024-10-20,17,1,0,5,O,35.207359,-81.5457,DMV349CLEANED,17861,-18559,,Animal
RURAL,NC 226,0.8,N,SR 2228,SR 2210,NC 226,3.442,,107665603,2024-03-17,18,1,0,5,O,35.2,-81.49,DMV349,17862,,,Movable Object
RURAL,NC 226,0.71,NW,SR 2228,SR 2405,NC 226,3.352,,107475438,2023-09-30,17,1,0,5,O,35.20071,-81.48734,DMV349CLEANED,17893,,,Animal
RURAL,NC 180,0.1,N,SR 2214,SR 2367,NC 180,1.046,,107468091,2023-09-22,28,1,0,1,O,35.2068,-81.5464,DMV349CLEANED,18150,-18770,,"Sideswipe, Same Direction"
RURAL,ELIZABETH,0.015,E,NC 180,WOLFE,SR 2052,1.727,,108086031,2025-04-15,19,1,0,8,,35.29,-81.48,DMV349,18183,,,Fixed Object
RURAL,NC 180,0.0,,SR 2214,SR 2245,NC 180,0.946,,108198757,2025-07-26,28,1,8,1,O,35.205996,-81.54753,DMV349CLEANED,18588,-19298,,"Sideswipe, Same Direction"
RURAL,SR 2214,0.0,,NC 180,NC 198,SR 2214,1.335,,108216162,2025-08-16,21,1,8,1,B,35.20589,-81.54749,DMV349CLEANED,18611,,,"Rear End, Slow or Stop"
RURAL,NC 198,0.0,,NC 198,SR 2484,NC 198,999.999,,108074931,2025-03-19,24,1,8,1,O,35.19954,-81.5353,DMV349CLEANED,18731,,,"Left Turn, Different Roadways"
RURAL,NC 180,0.019,S,SR 2367,SR 2214,NC 180,1.023,,107685979,2024-04-03,23,1,8,5,O,35.2057,-81.54802,DMV349CLEANED,18763,-18892,,"Left Turn, Same Roadway"
RURAL,NC 180,0.038,E,SR 2220,SR 2214,NC 180,0.705,,107654811,2024-03-10,29,1,0,1,O,35.20505,-81.54907,DMV349CLEANED,19142,-20571,,"Sideswipe, Opposite Direction"
RURAL,NC 226,0.4,NW,SR 2228,SR 2212,NC 226,3.042,,107585276,2024-01-04,17,1,0,5,O,35.19757,-81.48517,DMV349CLEANED,19197,,,Animal
RURAL,NC 226,1.22,S,SR 2405,SR 2228,NC 226,3.105,,107505242,2023-10-26,21,1,0,5,O,35.19723,-81.4848,DMV349CLEANED,19354,,,"Rear End, Slow or Stop"
RURAL,NC 180,0.06,E,SR 2425,NC 18,NC 180,0.879,,107885807,2024-10-11,19,1,0,1,O,35.204812,-81.55019,DMV349CLEANED,19418,-19652,,Fixed Object
RURAL,NC 180,0.008,N,SR 2425,SR 2214,NC 180,0.827,,107900000,2024-10-25,19,1,0,1,O,35.204,-81.549,DMV349CLEANED,19432,-19927,,Fixed Object
RURAL,NC 180,0.2,W,SR 2214,SR 2423,NC 180,0.746,,107596037,2024-01-15,28,1,0,1,C,35.20499,-81.55083,DMV349CLEANED,19487,-20354,,"Sideswipe, Same Direction"
RURAL,NC 180,0.0,,CORVAIR,SR 2125,NC 180,8.417,,107648431,2024-03-01,19,1,8,5,O,35.29661,-81.48658,DMV349CLEANED,19565,20148,,Fixed Object
RURAL,NC 180,0.0,S,SR 2423,NC 18,NC 180,0.667,,108326855,2025-11-28,19,1,7,5,O,35.20513,-81.55146,DMV349CLEANED,19567,-20772,,Fixed Object
RURAL,SR 2423,0.004,N,NC 180,SR 2424,SR 2423,0.004,,108225270,2025-09-07,24,1,8,1,O,35.205294,-81.55199,DMV349CLEANED,19623,,,"Left Turn, Different Roadways"
RURAL,NC 180,0.0,,SR 2423,SR 2425,NC 180,0.667,,108230018,2025-09-05,30,1,7,1,C,35.205252,-81.552,DMV349CLEANED,19637,-20772,,Angle
RURAL,SR 2220,0.014,S,NC 180,SR 2219,SR 2220,1.553,,107795413,2024-07-23,20,2,0,5,O,35.205,-81.55205,DMV349CLEANED,19717,,,Parked Motor Vehicle
RURAL,CLEVELAND,0.006,S,NC 226,DEAD END,CLEVELAND,0.084,,108272336,2025-10-18,28,1,5,1,O,35.1964,-81.48341,DMV349,19793,,,"Sideswipe, Same Direction"
EARL,PVA EARL POST OFFICE,0.023,S,NC 198,DEAD END,,999.999,,107892557,2024-10-21,31,1,0,1,O,35.195,-81.533,DMV349,20000,,,Backing Up
RURAL,NC 180,0.011,W,SR 2475,SR 1108,NC 180,0.475,,107815304,2024-08-11,29,1,0,1,C,35.205949,-81.55526,DMV349CLEANED,20091,-21785,,"Sideswipe, Opposite Direction"
RURAL,NC 180,0.18,S,NC 226,SR 2329,NC 180,4.95,Y,108377772,2026-01-15,21,1,0,5,O,35.25058,-81.57676,DMV349CLEANED,20126,1843,,"Rear End, Slow or Stop"
RURAL,NC 180,0.019,E,SR 1108,SR 2475,NC 180,0.45,,107979075,2025-01-04,19,1,0,1,O,35.206056,-81.55571,DMV349CLEANED,20154,-21917,,Fixed Object
EARL,SR 2214,0.0,,NC 198,SECOND,SR 2214,999.999,,108476138,2026-03-30,24,1,7,1,O,35.19431,-81.53354,DMV349CLEANED,20293,,,"Left Turn, Different Roadways"
RURAL,NC 180,0.0,N,SR 1108,SR 2214,NC 180,0.431,,107978486,2025-01-01,17,1,0,5,O,35.20595,-81.55644,DMV349CLEANED,20332,-22018,,Animal
RURAL,NC 226,0.22,N,SR 2228,SR 1610,NC 226,2.862,,107993750,2025-01-15,17,1,0,5,O,35.195168,-81.48184,DMV349CLEANED,20391,,,Animal
RURAL,SR 1103,0.9,W,SR 2238,SR 2201,SR 1103,0.9,,107835218,2024-08-30,19,1,5,1,O,35.2865,-81.46,DMV349,20770,-14488,,Fixed Object
EARL,NC 198,0.1,N,SR 2301,SR 2225,NC 198,1.494,,108111443,2025-05-12,19,2,0,1,O,35.19253,-81.53307,DMV349CLEANED,20853,,,Fixed Object
RURAL,NC 198,0.4,W,THOMAS,SR 2432,NC 198,999.999,,107492966,2023-10-11,19,1,0,1,O,35.18995,-81.52474,DMV349CLEANED,21067,,,Fixed Object
RURAL,NC 198,0.1,E,SR 2301,SR 2225,NC 198,1.294,,108530669,2026-06-14,19,1,0,5,O,35.190123,-81.5265,DMV349CLEANED,21126,,,Fixed Object
RURAL,NC 198,0.5,S,THIRD,SL-SC,NC 198,999.999,,107006438,2022-07-03,28,1,0,1,B,35.190375,-81.527765,VHB_PEDBIKE,21131,,,"Sideswipe, Same Direction"
RURAL,NC 198,0.1,N,SAGE,SR 2432,NC 198,999.999,,107835212,2024-08-30,21,1,0,1,O,35.189478,-81.52383,DMV349CLEANED,21179,,,"Rear End, Slow or Stop"
EARL,NC 198,0.3,S,SR 2432,SR 2301,NC 198,1.139,,108474097,2026-04-21,13,1,0,1,O,35.19,-81.527,DMV349,21206,,,
EARL,NC 198,0.17,S,SR 2217,SR 2432,NC 198,1.983,,107616829,2024-02-06,29,1,0,1,C,35.19,-81.53,DMV349,21445,,,"Sideswipe, Opposite Direction"
RURAL,NC 180,0.5,S,NC 150,SR 2052,NC 180,9.154,,108408330,2026-02-18,21,1,0,1,B,35.3,-81.48,DMV349,21451,24040,,"Rear End, Slow or Stop"
RURAL,NC 226,0.1,S,SR 2228,SR 2226,NC 226,2.542,,107956811,2024-12-12,29,1,0,5,B,35.192803,-81.47893,DMV349CLEANED,21535,,,"Sideswipe, Opposite Direction"
RURAL,NC 226,0.006,S,SR 2228,SR 2226,NC 226,2.636,,107623828,2024-02-09,28,1,0,1,O,35.19276,-81.47881,DMV349CLEANED,21564,,,"Sideswipe, Same Direction"
RURAL,NC 226,0.095,S,PENANCE,SR 2228,NC 226,2.806,,107676819,2024-04-04,17,1,0,5,O,35.19273,-81.47886,DMV349CLEANED,21568,,,Animal
RURAL,NC 180,0.7,N,NC 150,NC 18,NC 180,10.354,,107934270,2024-11-23,19,1,0,5,O,35.302,-81.485,DMV349CLEANED,21573,30376,,Fixed Object
RURAL,NC 198,0.17,N,SR 2301,SR 2225,NC 198,1.564,,108177763,2025-07-17,19,1,0,1,O,35.188,-81.522,DMV349CLEANED,21606,,,Fixed Object
RURAL,NC 180,0.2,N,SR 2067,NC 150,NC 180,8.902,,107607279,2024-01-27,19,2,0,1,O,35.30284,-81.48646,DMV349CLEANED,21721,22709,,Fixed Object
RURAL,NC 180,0.8,S,NC 150,SR 2067,NC 180,8.854,,107528910,2023-11-10,21,2,0,1,O,35.30309,-81.48635,DMV349CLEANED,21818,22456,,"Rear End, Slow or Stop"
RURAL,NC 180,0.05,N,SR 2067,NC 150,NC 180,8.752,,107903368,2024-10-28,17,1,0,5,O,35.303,-81.486,DMV349CLEANED,21820,21917,,Animal
RURAL,NC 180,0.11,E,NC 18,SR 1108,NC 180,0.11,Y,107894044,2024-10-22,21,1,0,1,C,35.20392,-81.56121,DMV349CLEANED,21854,-23712,,"Rear End, Slow or Stop"
RURAL,NC 198,0.1,N,SR 2301,SR 2432,NC 198,1.494,,108244168,2025-09-24,31,1,0,1,O,35.187,-81.522,DMV349CLEANED,21965,,,Backing Up
RURAL,NC 18,0.009,W,NC 180,SR 2523,NC 18,999.999,,107780871,2024-07-05,29,1,0,5,O,35.20411,-81.5624,DMV349CLEANED,22058,,,"Sideswipe, Opposite Direction"
RURAL,NC 226,0.6,S,SR 2405,SR 2228,NC 226,3.725,,108507755,2026-05-07,29,1,0,1,O,35.19,-81.48,DMV349,22339,,,"Sideswipe, Opposite Direction"
RURAL,NC 180,0.64,S,NC 150,SR 2067,NC 180,9.014,,107626298,2024-02-15,5,1,0,1,O,35.30475,-81.48668,DMV349CLEANED,22364,23301,,
RURAL,NC 18,0.006,W,NC 180,SR 1140,NC 18,2.181,Y,107483421,2023-10-05,24,1,7,5,O,35.20322,-81.56279,DMV349CLEANED,22368,,,"Left Turn, Different Roadways"
RURAL,NC 18,0.0,,NC 180,SR 1140,NC 18,2.187,Y,107836104,2024-08-27,30,1,7,1,O,35.203034,-81.56273,DMV349CLEANED,22403,,,Angle
RURAL,NC 18,0.019,S,NC 180,SR 2220,NC 18,2.168,Y,108016433,2025-02-08,19,1,0,1,B,35.20261,-81.56266,DMV349CLEANED,22498,,,Fixed Object
RURAL,NC 180,0.3,N,SR 2067,NC 150,NC 180,9.002,,107537866,2023-11-21,28,2,4,1,B,35.30527,-81.48691,DMV349CLEANED,22524,23237,,"Sideswipe, Same Direction"
RURAL,NC 18,0.0,,NC 180,SR 1134,NC 18,2.187,Y,108575750,2026-07-23,23,2,7,1,B,35.2,-81.56,DMV349,22648,,,"Left Turn, Same Roadway"
RURAL,NC 180,0.0,,NC 18,SR 1132,NC 180,999.999,,107964465,2024-12-17,19,2,7,6,O,35.2,-81.56,DMV349,22648,,,Fixed Object
RURAL,NC 180,0.4,N,NC 150,SR 1926,NC 180,10.054,,108287782,2025-10-31,21,1,0,1,O,35.306,-81.487,DMV349CLEANED,22771,28792,,"Rear End, Slow or Stop"
RURAL,NC 198,0.75,S,SAGE,KNOLL,NC 198,999.999,,108375312,2026-01-17,19,1,0,3,O,35.18438,-81.52213,DMV349CLEANED,22914,,,Fixed Object
EARL,NC 198,0.0,N,SR 2432,NC 180,NC 198,1.439,,108492397,2026-05-02,19,1,0,1,B,35.30345,-81.54212,DMV349CLEANED,23005,,,Fixed Object
RURAL,NC 180,0.25,S,NC 150,SR 2067,NC 180,9.404,,108075818,2025-03-26,31,1,0,1,O,35.30693,-81.48797,DMV349CLEANED,23013,25360,,Backing Up
RURAL,NC 198,1.5,S,SR 2214,SL-SC,NC 198,999.999,,106708500,2021-09-25,24,1,5,5,A,35.183704,-81.521913,ITRE_SEVEREINJURY,23147,,,"Left Turn, Different Roadways"
RURAL,NC 226,0.44,SE,SR 2228,SR 2226,NC 226,2.202,,107910399,2024-11-04,19,1,0,1,O,35.19068,-81.47199,DMV349CLEANED,23161,,,Fixed Object
RURAL,NC 226,0.3,S,SR 2238,SR 2226,NC 226,999.999,,108323526,2025-11-13,19,1,0,5,,35.19,-81.47,DMV349,23668,,,Fixed Object
RURAL,NC 180,0.3,S,NC 150,SR 2067,NC 180,9.354,,107890838,2024-10-18,29,1,0,1,O,35.308943,-81.4877,DMV349CLEANED,23742,25096,,"Sideswipe, Opposite Direction"
SHELBY,NC 150,0.0,,NC 180,SR 2065,NC 150,17.953,,108301746,2025-11-06,28,1,10,1,O,35.31,-81.49,DMV349,23938,,,"Sideswipe, Same Direction"
RURAL,NC 180,0.15,N,NC 150,SR 1926,NC 180,9.804,,107573704,2023-12-18,19,1,0,1,B,35.31,-81.49,DMV349,23938,27472,,Fixed Object
RURAL,NC 180,0.33,S,NC 150,SR 2067,NC 180,9.324,,107589811,2024-01-03,19,1,0,1,B,35.31009,-81.48861,DMV349CLEANED,24073,24937,,Fixed Object
RURAL,NC 198,0.9,S,SAGE,SL-SC,NC 198,999.999,,108488428,2026-03-12,17,1,0,1,O,35.180711,-81.52157,DMV349CLEANED,24209,,,Animal
RURAL,NC 226,0.004,S,ADVENT,SR 2226,NC 226,1.947,,108342528,2025-12-08,17,1,0,3,O,35.188869,-81.46812,DMV349CLEANED,24306,,,Animal
RURAL,NC 198,0.63,S,SAGE,KNOLL,NC 198,999.999,,107921982,2024-11-14,17,2,0,5,O,35.18,-81.52,DMV349,24401,,,Animal
SHELBY,NC 180,0.0,,NC 150,SR 2065,NC 180,9.654,,107872549,2024-09-29,21,1,10,2,O,35.312,-81.492,DMV349CLEANED,24514,26680,,"Rear End, Slow or Stop"
SHELBY,NC 150,0.002,N,NC 180,US 74,NC 150,17.955,,108563019,2026-07-16,28,1,10,1,O,35.312461,-81.49194,DMV349CLEANED,24682,,,"Sideswipe, Same Direction"
RURAL,NC 198,0.0,,SR 2226,SR 2213,NC 198,2.816,,108594310,2026-08-09,24,1,8,1,O,35.31,-81.48,DMV349,24826,,,"Left Turn, Different Roadways"
RURAL,NC 150,0.011,E,NC 180,SR 2068,NC 150,17.964,,107810107,2024-07-25,19,1,10,1,C,35.31334,-81.49047,DMV349CLEANED,25090,,,Fixed Object
RURAL,NC 226,0.11,SE,SR 2467,SR 2232,NC 226,1.719,,107870727,2024-09-30,24,1,5,1,A,35.186409,-81.46553,DMV349CLEANED,25471,,,"Left Turn, Different Roadways"
RURAL,NC 180,0.27,S,SR 1908,NC 150,NC 180,10.867,,107773626,2024-07-04,17,1,0,5,O,35.31509,-81.49407,DMV349CLEANED,25499,33084,,Animal
RURAL,NC 226,0.1,S,SR 2226,SR 2235,NC 226,1.817,,107496693,2023-10-18,17,1,0,5,O,35.18631,-81.46542,DMV349CLEANED,25519,,,Animal
RURAL,NC 226,0.26,N,SR 2232,SR 2467,NC 226,1.692,,107982578,2025-01-06,19,2,0,1,,35.18621,-81.46508,DMV349CLEANED,25603,,,Fixed Object
RURAL,NC 180,0.2,N,NC 150,SR 1926,NC 180,9.854,,108528986,2026-06-10,29,1,0,1,O,35.31547,-81.49427,DMV349CLEANED,25625,27736,,"Sideswipe, Opposite Direction"
RURAL,NC 180,0.1,N,NC 150,SR 1926,NC 180,9.754,,107876494,2024-10-07,21,1,0,1,O,35.31559,-81.49432,DMV349CLEANED,25666,27208,,"Rear End, Slow or Stop"
RURAL,NC 226,0.35,S,SR 2226,SR 2230,NC 226,1.567,,108323539,2025-11-20,29,1,0,5,O,35.184855,-81.4639,DMV349CLEANED,26208,,,"Sideswipe, Opposite Direction"
RURAL,NC 180,0.25,S,SR 1926,NC 150,NC 180,9.989,,108019654,2025-02-12,18,2,0,1,O,35.317459,-81.49485,DMV349CLEANED,26311,28449,,Movable Object
RURAL,NC 198,0.3,N,SL-SC,SR 2301,NC 198,0.3,,107027624,2022-07-24,5,1,5,1,K,35.174139,-81.520485,NCDOT_TSU,26540,,,
RURAL,NC 226,0.074,N,SR 2232,SR 2467,NC 226,1.506,,108212064,2025-08-22,23,1,0,1,O,35.18398,-81.46314,DMV349CLEANED,26598,,,"Left Turn, Same Roadway"
RURAL,NC 226,0.5,S,SR 2226,SR 2232,NC 226,1.417,,107574603,2023-12-23,23,1,0,1,O,35.18406,-81.46294,DMV349CLEANED,26604,,,"Left Turn, Same Roadway"
RURAL,NC 226,0.009,N,SR 2232,SR 2467,NC 226,1.441,,108569407,2026-07-24,21,1,0,1,O,35.184,-81.463,DMV349CLEANED,26614,,,"Rear End, Slow or Stop"
RURAL,NC 226,0.019,N,SR 1861,SR 1343,NC 226,13.473,,107680511,2024-04-06,19,1,0,1,O,35.3,-81.57,DMV349,26629,,,Fixed Object
RURAL,NC 226,1.0,N,US 74,SR 1343,NC 226,13.714,Y,108450061,2026-03-29,19,1,0,1,O,35.3,-81.57,DMV349,26629,,,Fixed Object
RURAL,NC 180,0.75,N,NC 150,SR 1926,NC 180,10.404,,107820471,2024-08-16,21,1,0,1,O,35.318539,-81.49524,DMV349CLEANED,26681,30640,,"Rear End, Slow or Stop"
RURAL,NC 198,0.75,N,SL-SC,KNOLL,NC 198,0.75,,107946454,2024-12-01,19,1,0,5,O,35.17351,-81.51984,DMV349CLEANED,26745,,,Fixed Object
RURAL,NC 198,0.6,S,SAGE,*LCL KNOLL DRIVE ,NC 198,999.999,,107689160,2024-04-14,19,1,0,1,B,35.17341,-81.51977,DMV349CLEANED,26779,,,Fixed Object
RURAL,NC 198,1.1,N,SR 2301,SR 2433,NC 198,2.494,,108055183,2025-03-17,19,1,0,1,C,35.173,-81.519,DMV349CLEANED,26902,,,Fixed Object
RURAL,NC 226,0.0,,SR 2232,SR 2467,NC 226,1.432,,108345343,2025-12-16,21,1,9,1,O,35.183296,-81.4621,DMV349CLEANED,26973,,,"Rear End, Slow or Stop"
RURAL,NC 180,0.32,S,SR 2329,SR 1103,NC 180,4.584,,108561772,2026-07-16,19,1,0,1,O,35.26,-81.42,DMV349,27099,-90,,Fixed Object
RURAL,SR 1928,0.0,,NC 180,NC 150,SR 1928,999.999,,108224056,2025-08-27,30,1,7,1,B,35.320006,-81.49581,DMV349CLEANED,27183,,,Angle
RURAL,NC 180,0.0,,SR 1926,NC 150,NC 180,10.239,,108562553,2026-07-08,30,1,7,1,C,35.32002,-81.49586,DMV349CLEANED,27186,29769,,Angle
RURAL,NC 180,0.0,,SR 1926,NC 150,NC 180,10.239,,108190409,2025-08-01,30,1,7,1,O,35.320067,-81.49568,DMV349CLEANED,27211,29769,,Angle
RURAL,NC 180,0.0,,SR 1926,SR 1927,NC 180,10.239,,108561523,2026-07-15,24,1,7,1,O,35.32,-81.495,DMV349,27218,29769,,"Left Turn, Different Roadways"
RURAL,SR 1103,0.2,W,SR 2238,SR 2380,SR 1103,0.2,,107762735,2024-06-20,19,1,0,1,A,35.23,-81.42,DMV349,27298,-18184,,Fixed Object
SHELBY,NC 226,0.1,S,FANNING,DIXON,NC 226,13.038,,107542965,2023-10-29,21,1,0,1,O,35.299722,-81.57444,ITRE_CMV,27470,,,"Rear End, Slow or Stop"
RURAL,NC 180,0.4,S,SR 1908,SR 1979,NC 180,10.737,,108075970,2025-04-10,27,1,0,5,C,35.32,-81.49,DMV349,27492,32398,,Head On
RURAL,NC 180,0.0,N,SR 1926,NC 18,NC 180,10.239,,108205744,2025-08-12,21,1,7,1,B,35.32,-81.49,DMV349,27492,29769,,"Rear End, Slow or Stop"
RURAL,NC 198,0.009,N,SL-SC,KNOLL,NC 198,0.009,,107989956,2025-01-10,19,5,1,5,B,35.170873,-81.51673,DMV349CLEANED,27612,,,Fixed Object
SHELBY,NC 226,1.5,S,CHATFIELD,SOUTHERN,NC 226,13.089,Y,107455370,2023-08-17,21,1,,1,C,35.300476,-81.574247,ITRE_CMV,27626,,,"Rear End, Slow or Stop"
RURAL,NC 226,0.0,,US 74,SR 1343,US 74 WB COUPLET,15.728,Y,107745674,2024-05-24,25,1,8,1,O,35.31,-81.56,DMV349,27688,,,"Right Turn, Same Roadway"
RURAL,NC 226,0.0,,US 74,SR 1446,US 74 WB COUPLET,15.728,Y,108299395,2025-11-03,28,1,0,1,O,35.31,-81.56,DMV349,27688,,,"Sideswipe, Same Direction"
RURAL,NC 226,0.0,,US 74,SR 1343,US 74 WB COUPLET,15.728,Y,108062448,2025-03-20,21,1,0,1,O,35.31,-81.56,DMV349,27688,,,"Rear End, Slow or Stop"
RURAL,NC 198,1.5,N,SL-SC,SR 2432,NC 198,1.5,,107791434,2024-07-21,17,2,0,6,O,35.17,-81.51,DMV349,27845,,,Animal
GROVER,NC 226,0.0,,SR 2230,SR 2231,NC 226,1.228,,107608646,2024-01-29,24,1,8,1,O,35.18101,-81.46045,DMV349CLEANED,27941,,,"Left Turn, Different Roadways"
RURAL,NC 198,0.1,S,SR 2301,SL-SC,NC 198,1.294,,108165473,2025-07-02,5,1,0,1,B,35.17,-81.52,DMV349,28022,,,
RURAL,NC 226,0.0,,SR 1343,SR 1344,NC 226,999.999,,107627622,2024-02-16,21,1,8,1,O,35.321828,-81.52927,DMV349CLEANED,28173,,,"Rear End, Slow or Stop"
GROVER,NC 226,0.0,,SR 2230,SR 2337,NC 226,1.228,,108049330,2025-03-13,19,1,0,1,O,35.18,-81.46,DMV349,28325,,,Fixed Object
RURAL,NC 226,0.4,N,SR 2226,SR 2232,NC 226,2.317,,108339248,2025-10-16,15,1,0,5,B,35.180387,-81.459213,VHB_PEDBIKE,28328,,,Pedalcyclist
RURAL,NC 180,0.24,N,SR 1926,SR 1972,NC 180,10.479,,107672810,2024-03-31,19,1,0,1,A,35.323469,-81.49576,DMV349CLEANED,28435,31036,,Fixed Object
GROVER,NC 226,0.004,S,SR 2231,SR 2235,NC 226,0.912,Y,107881527,2024-10-09,21,1,0,1,O,35.179649,-81.45834,DMV349CLEANED,28694,,,"Rear End, Slow or Stop"
RURAL,NC 180,0.34,N,SR 1926,SR 1933,NC 180,10.579,,107824730,2024-08-20,21,1,0,1,O,35.32469,-81.49532,DMV349CLEANED,28895,31564,,"Rear End, Slow or Stop"
RURAL,NC 180,0.24,N,SR 1926,SR 1933,NC 180,10.479,,107772924,2024-07-01,19,1,0,5,O,35.324704,-81.49537,DMV349CLEANED,28898,31036,,Fixed Object
SHELBY,NC 226,0.1,N,GROVER,CHATFIELD,NC 226,13.554,,106850809,2022-01-22,27,1,,5,O,35.306954,-81.572106,ITRE_CMV,28946,,,Head On
RURAL,NC 180,0.0,N,SR 1937,SR 1908,NC 180,10.686,,107721673,2024-05-16,21,1,0,1,O,35.32587,-81.49611,DMV349CLEANED,29288,32129,,"Rear End, Slow or Stop"
RURAL,NC 226,0.63,N,SR 1861,US 74,NC 226,14.084,,107910366,2024-11-02,28,1,0,5,O,35.31,-81.57,DMV349,29415,,,"Sideswipe, Same Direction"
RURAL,NC 226,1.1,N,GROVER,SR 1343,NC 226,14.554,,108090643,2025-04-24,21,1,0,1,O,35.31,-81.57,DMV349,29415,,,"Rear End, Slow or Stop"
RURAL,NC 226,1.0,N,US 74,SR 1343,NC 226,13.714,Y,107675297,2024-03-21,21,1,0,1,O,35.31,-81.57,DMV349,29415,,,"Rear End, Slow or Stop"
GROVER,SR 2235,0.004,N,NC 226,SR 2336,SR 2235,0.004,,107967950,2024-12-21,24,1,7,4,O,35.177886,-81.45592,DMV349CLEANED,29623,,,"Left Turn, Different Roadways"
GROVER,PVA 720 CLEVELAND AVE,0.019,S,NC 226,DEAD END,,999.999,,108431945,2026-03-14,31,1,0,1,O,35.17807,-81.45556,DMV349,29625,,,Backing Up
GROVER,NC 226,0.0,,SR 2231,SR 2235,NC 226,0.916,Y,108262218,2025-10-08,30,1,7,1,C,35.177773,-81.45596,DMV349CLEANED,29652,,,Angle
RURAL,NC 226,0.1,S,US 74,WAL MART,US 74 WB COUPLET,15.628,Y,107534565,2023-11-19,17,1,0,5,O,35.31075,-81.57148,DMV349CLEANED,29902,,,Animal
RURAL,NC 226,0.3,N,SR 2230,SR 2226,NC 226,1.528,,108397726,2026-02-05,21,1,0,1,O,35.18,-81.45,DMV349,29983,,,"Rear End, Slow or Stop"
RURAL,NC 180,0.1,N,SR 1979,SR 1939,NC 180,10.829,,108369512,2026-01-04,21,1,8,1,O,35.329166,-81.49698,DMV349CLEANED,30448,32884,,"Rear End, Slow or Stop"
RURAL,NC 180,0.006,NW,SR 1939,SR 1908,NC 180,10.917,,107821497,2024-08-16,19,1,0,1,B,35.32923,-81.49716,DMV349CLEANED,30464,33348,,Fixed Object
GROVER,NC 226,0.0,,GOLD,SR 2233,NC 226,0.716,,108475559,2026-04-22,21,1,8,1,O,35.176746,-81.45275,DMV349CLEANED,30488,,,"Rear End, Slow or Stop"
RURAL,NC 180,0.0,S,NC 226,SR 1103,NC 180,5.13,Y,108481291,2026-04-22,23,1,8,1,O,35.163876,-81.49143,DMV349,30552,2793,,"Left Turn, Same Roadway"
RURAL,NC 226,0.33,N,SR 1343,SR 1344,NC 226,999.999,,107965909,2024-12-19,21,1,0,1,O,35.314,-81.57,DMV349,30580,,,"Rear End, Slow or Stop"
RURAL,NC 226,0.1,N,SR 1861,US 74,NC 226,13.554,,108576736,2026-07-29,23,1,0,1,O,35.313458,-81.57091,DMV349CLEANED,30583,,,"Left Turn, Same Roadway"
RURAL,NC 180,0.047,N,SR 1939,SR 1908,NC 180,10.958,,107863594,2024-09-26,17,2,0,3,O,35.32979,-81.49757,DMV349CLEANED,30653,33565,,Animal
RURAL,NC 226,0.5,N,SR 1861,SR 1446,NC 226,13.954,,107938414,2024-11-21,21,1,0,1,O,35.313826,-81.57082,DMV349CLEANED,30674,,,"Rear End, Slow or Stop"
RURAL,NC 226,0.17,N,SR 1343,SR 1344,NC 226,999.999,,108001296,2025-01-24,17,1,0,5,O,35.32,-81.56,DMV349,30812,,,Animal
RURAL,NC 226,0.4,N,SR 1343,SR 1344,NC 226,999.999,,108018579,2025-01-28,19,1,0,1,O,35.315,-81.57,DMV349,30876,,,Fixed Object
RURAL,NC 226,0.0,,WINDING RIVER,US 74,NC 226,999.999,,108534638,2026-06-16,24,1,8,1,C,35.31516,-81.57037,DMV349CLEANED,30987,,,"Left Turn, Different Roadways"
RURAL,NC 180,0.0,,SR 1908,NC 18,NC 180,11.137,,108308109,2025-11-09,30,1,7,5,B,35.33,-81.49,DMV349,31068,34510,,Angle
RURAL,NC 180,0.0,,SR 1908,SR 1937,NC 180,11.137,,108434652,2026-03-11,30,1,7,5,C,35.33,-81.49,DMV349,31068,34510,,Angle
RURAL,NC 180,0.0,,SR 1908,SR 1939,NC 180,11.137,,108461470,2026-04-05,30,1,7,5,B,35.33,-81.49,DMV349,31068,34510,,Angle
GROVER,NC 226,0.11,N,SR 2233,SR 2235,NC 226,0.604,,108510304,2026-05-21,17,1,0,1,O,35.175669,-81.45103,DMV349CLEANED,31099,,,Animal
RURAL,NC 180,0.0,,SR 1908,SR 1925,NC 180,11.137,,107712854,2024-05-03,26,1,7,1,C,35.33131,-81.49877,DMV349CLEANED,31165,34510,,"Right Turn, Different Roadways"
RURAL,NC 226,0.003,S,US 74,SR 1305,US 74 WB COUPLET,15.725,Y,107642633,2024-02-28,21,1,0,1,C,35.31593,-81.57009,DMV349CLEANED,31167,,,"Rear End, Slow or Stop"
RURAL,NC 226,0.1,S,SR 1446,SR 1861,NC 226,14.022,,108488636,2026-05-05,17,1,0,5,O,35.316,-81.57,DMV349,31172,,,Animal
RURAL,NC 180,0.3,N,SR 1939,SR 1908,NC 180,11.211,,107862246,2024-09-25,17,1,0,3,O,35.331347,-81.49871,DMV349CLEANED,31181,34901,,Animal
RURAL,NC 180,0.0,,SR 1908,NC 18,NC 180,11.137,,107721544,2024-05-14,30,2,7,1,O,35.33139,-81.49854,DMV349CLEANED,31201,34510,,Angle
RURAL,SR 1908,0.0,,NC 180,NC 18,SR 1908,0.714,,107672852,2024-03-29,30,1,7,1,C,35.3315,-81.49955,DMV349CLEANED,31212,,,Angle
RURAL,NC 180,0.0,S,SR 1908,GLENNWOOD,NC 180,11.137,,107940072,2024-11-28,30,1,7,1,O,35.33142,-81.4985,DMV349CLEANED,31214,34510,,Angle
RURAL,NC 180,0.027,S,SR 1908,SR 1937,NC 180,11.11,,107642649,2024-02-29,21,1,0,1,O,35.33156,-81.49907,DMV349CLEANED,31247,34368,,"Rear End, Slow or Stop"
RURAL,NC 180,0.028,S,SR 1908,SR 1937,NC 180,11.109,,107721550,2024-05-14,21,2,0,1,C,35.33157,-81.49893,DMV349CLEANED,31255,34362,,"Rear End, Slow or Stop"
RURAL,NC 226,0.0,,US 74BUS,SR 1861,NC 226,999.999,,107522824,2023-11-09,17,1,0,5,O,35.31632,-81.56998,DMV349CLEANED,31264,,,Animal
RURAL,NC 180,0.0,,SR 1908,SR 1925,NC 180,11.137,,108219261,2025-08-31,30,1,7,1,C,35.331702,-81.49924,DMV349CLEANED,31294,34510,,Angle
GROVER,NC 226,0.1,S,SR 2233,US 29,NC 226,0.394,,107925683,2024-11-14,29,2,0,1,O,35.175,-81.451,DMV349CLEANED,31307,,,"Sideswipe, Opposite Direction"
RURAL,NC 226,0.0,,US 74BYP,SR 1343,NC 226,14.294,,107615437,2024-02-03,21,1,8,1,O,35.31645,-81.57012,DMV349CLEANED,31327,,,"Rear End, Slow or Stop"
RURAL,NC 226,0.081,S,US 74,SR 1861,US 74 WB COUPLET,15.647,Y,107841334,2024-09-05,17,1,0,5,O,35.31651,-81.5701,DMV349CLEANED,31341,,,Animal
RURAL,NC 226,0.0,,SR 9000,SR 1343,NC 226,999.999,,108411198,2026-02-17,23,1,8,5,C,35.3167,-81.56986,DMV349CLEANED,31357,,,"Left Turn, Same Roadway"
RURAL,NC 180,0.0,,SR 1908,SR 1924,NC 180,11.137,,107904979,2024-10-31,30,1,7,1,C,35.331878,-81.49925,DMV349CLEANED,31357,34510,,Angle
RURAL,NC 180,0.0,,SR 1908,SR 1925,NC 180,11.137,,107864572,2024-09-22,24,1,7,1,B,35.331891,-81.49921,DMV349CLEANED,31363,34510,,"Left Turn, Different Roadways"
RURAL,NC 180,0.0,,SR 1908,GLENNWOOD,NC 180,11.137,,107716612,2024-05-11,30,1,7,1,O,35.33192,-81.49926,DMV349CLEANED,31372,34510,,Angle
RURAL,NC 180,0.0,,SR 1908,SR 1936,NC 180,11.137,,107587155,2024-01-07,30,1,7,1,C,35.33192,-81.49927,DMV349CLEANED,31372,34510,,Angle
RURAL,NC 180,0.0,,SR 1908,GLENNWOOD,NC 180,11.137,,107789084,2024-07-15,24,1,7,1,O,35.33195,-81.49928,DMV349CLEANED,31383,34510,,"Left Turn, Different Roadways"
RURAL,NC 180,0.1,N,SR 1908,SR 1925,NC 180,11.237,,107879311,2024-10-09,19,1,0,5,O,35.333289,-81.50029,DMV349CLEANED,31842,35038,,Fixed Object
RURAL,PVA 1613 N POST RD,0.019,W,NC 180,DEAD END,,999.999,,107504046,2023-10-19,20,1,4,1,,35.33364,-81.50128,DMV349,31946,,,Parked Motor Vehicle
RURAL,NC 226,0.009,S,DESTINY,US 74,NC 226,14.461,,108369754,2026-01-12,21,1,8,1,C,35.31929,-81.56934,DMV349CLEANED,32048,,,"Rear End, Slow or Stop"
RURAL,NC 226,0.1,N,US 74,SR 1343,NC 226,12.814,Y,107542608,2023-11-25,17,1,0,5,O,35.31938,-81.56934,DMV349CLEANED,32076,,,Animal
RURAL,NC 226,0.15,S,SR 1343,SR 1861,NC 226,14.439,Y,107947772,2024-12-05,21,1,0,5,O,35.319822,-81.56924,DMV349CLEANED,32193,,,"Rear End, Slow or Stop"
RURAL,NC 226,0.0,,SR 1344,SR 1337,NC 226,15.357,Y,107852139,2024-09-05,30,1,7,1,O,35.32,-81.57,DMV349,32373,,,Angle
RURAL,NC 226,0.24,N,SR 1343,SR 1344,NC 226,999.999,,108411365,2026-02-24,17,1,0,5,O,35.32,-81.57,DMV349,32373,,,Animal
RURAL,NC 226,0.0,,SR 1343,SR 1344,NC 226,999.999,,107573626,2023-12-23,17,1,8,5,O,35.32176,-81.56933,DMV349CLEANED,32799,,,Animal
RURAL,NC 226,0.003,E,SR 1343,DEAD END,NC 226,999.999,,108023831,2025-02-17,24,1,8,1,O,35.32182,-81.56923,DMV349CLEANED,32801,,,"Left Turn, Different Roadways"
RURAL,NC 226,0.5,S,SR 1344,SR 1343,NC 226,999.999,,108388228,2026-01-31,21,5,0,1,O,35.32173,-81.56941,DMV349CLEANED,32803,,,"Rear End, Slow or Stop"
GROVER,NC 226,0.3,S,SR 2233,US 29,NC 226,0.194,,107689218,2024-04-15,19,1,0,5,C,35.17115,-81.44894,DMV349CLEANED,32817,,,Fixed Object
GROVER,NC 226,0.0,,MULBERRY,CHESTNUT,NC 226,0.213,,108158991,2025-06-25,5,1,8,5,B,35.170683,-81.44873,DMV349CLEANED,32994,,,
GROVER,NC 226,0.0,,SR 1167,US 29,NC 226,999.999,,108023799,2025-02-13,19,1,8,4,O,35.1722,-81.444677,ITRE_CMV,33219,,,Fixed Object
RURAL,NC 180,0.1,N,SR 1925,SR 1985,NC 180,11.608,,108307820,2025-11-16,23,1,4,1,O,35.337293,-81.50277,DMV349CLEANED,33245,36997,,"Left Turn, Same Roadway"
GROVER,NC 226,0.028,NE,LAUREL,WALNUT,NC 226,0.125,,108411237,2026-02-22,21,1,0,4,O,35.16973,-81.4487,DMV349CLEANED,33290,,,"Rear End, Slow or Stop"
GROVER,NC 226,0.0,S,US 29,DEAD END,NC 226,0.0,,108461486,2026-04-08,21,1,8,1,O,35.169,-81.4501,DMV349CLEANED,33291,,,"Rear End, Slow or Stop"
GROVER,NC 226,0.0,,US 29,SL-SC,NC 226,0.0,,107657557,2024-03-16,21,1,8,1,O,35.16902,-81.45002,DMV349CLEANED,33297,,,"Rear End, Slow or Stop"
GROVER,US 29,0.0,,NC 226,SR 2278,US 29,0.035,,108040363,2025-03-05,17,1,7,5,O,35.171949,-81.44445,DMV349CLEANED,33333,,,Animal
RURAL,NC 226,0.03,S,SR 1343,US 74,NC 226,14.559,Y,107927607,2024-11-18,21,1,0,1,O,35.325,-81.569,DMV349CLEANED,33745,,,"Rear End, Slow or Stop"
RURAL,NC 180,0.2,S,NC 18,SR 1908,NC 180,11.758,Y,107704187,2024-04-27,19,1,0,5,O,35.34005,-81.50448,DMV349CLEANED,34224,37789,,Fixed Object
RURAL,NC 180,0.4,N,NC 180,SR 1829,NC 180,999.999,,108224715,2025-08-21,23,1,0,1,O,35.34,-81.5,DMV349,34289,,,"Left Turn, Same Roadway"
RURAL,NC 180,0.0,,SR 1985,NC 18,NC 180,11.781,,108168820,2025-07-10,24,1,8,1,O,35.34,-81.5,DMV349,34289,37910,,"Left Turn, Different Roadways"
RURAL,NC 18,0.015,N,NC 180,SR 1337,NC 18,13.235,Y,108571126,2026-07-22,26,1,0,1,O,35.34,-81.5,DMV349,34289,,,"Right Turn, Different Roadways"
RURAL,NC 180,0.0,,SR 1924,NC 18,NC 180,11.869,,107859986,2024-09-21,21,1,8,1,C,35.341318,-81.50528,DMV349CLEANED,34677,38375,,"Rear End, Slow or Stop"
GROVER,NC 226,0.18,S,SR 2233,CHESTNUT,NC 226,0.314,,107816952,2024-08-10,29,1,0,5,O,35.17,-81.44,DMV349,34689,,,"Sideswipe, Opposite Direction"
RURAL,NC 18,0.009,S,NC 180,SR 1925,NC 18,13.211,Y,107800210,2024-07-26,28,1,0,1,C,35.34163,-81.50667,DMV349CLEANED,34778,,,"Sideswipe, Same Direction"
RURAL,NC 18,0.0,,NC 180,SR 1337,NC 18,13.22,Y,108188133,2025-07-18,30,1,8,1,O,35.34166,-81.5068,DMV349CLEANED,34788,,,Angle
RURAL,NC 18,0.028,N,NC 180,SR 1337,NC 18,13.248,Y,108170256,2025-07-07,21,1,8,1,O,35.342147,-81.50681,DMV349CLEANED,34966,,,"Rear End, Slow or Stop"
RURAL,NC 226,0.26,S,SR 1344,SR 1343,NC 226,999.999,,108361438,2026-01-04,17,1,0,5,O,35.328901,-81.57086,DMV349CLEANED,35247,,,Animal
SHELBY,NC 180,0.91,N,SR 2067,NC 150,NC 180,9.612,,107806355,2024-07-31,28,1,10,1,O,35.31,-81.42,DMV349,35336,26458,,"Sideswipe, Same Direction"
RURAL,NC 226,0.0,,SR 1344,SR 1860,NC 226,15.357,Y,107651436,2024-03-10,24,1,7,1,O,35.33,-81.57,DMV349,35460,,,"Left Turn, Different Roadways"
RURAL,NC 226,0.0,,SR 1344,SR 1343,NC 226,999.999,,108528351,2026-06-07,30,1,7,1,B,35.33,-81.57,DMV349,35460,,,Angle
RURAL,NC 226,0.74,N,SR 1343,SR 1344,NC 226,999.999,,107782942,2024-07-12,19,1,0,5,C,35.33,-81.57,DMV349,35460,,,Fixed Object
RURAL,NC 226,0.1,N,MCCRACKEN,LESTER,NC 226,15.144,,107496600,2023-10-14,5,2,0,5,B,35.33001,-81.57072,DMV349CLEANED,35572,,,
RURAL,NC 226,2.0,N,SR 1343,SR 1344,NC 226,999.999,,108095154,2025-04-29,17,1,0,5,O,35.33035,-81.57105,DMV349CLEANED,35729,,,Animal
RURAL,NC 226,0.0,,SR 1344,SR 1860,NC 226,15.357,Y,107504360,2023-10-24,30,1,7,1,B,35.33276,-81.57097,DMV349CLEANED,36474,,,Angle
RURAL,NC 226,0.0,,SR 1344,SR 1343,NC 226,999.999,,107171475,2022-11-28,30,1,7,1,B,35.332786,-81.570995,ITRE_CMV,36486,,,Angle
RURAL,NC 226,0.0,,SR 1344,SR 1343,NC 226,999.999,,107657755,2024-03-17,17,1,7,5,O,35.3328,-81.57102,DMV349CLEANED,36494,,,Animal
RURAL,SR 1344,0.0,,NC 226,SR 1343,SR 1344,999.999,,107613924,2024-02-03,30,1,7,1,B,35.33281,-81.57107,DMV349CLEANED,36505,,,Angle
RURAL,NC 226,0.5,N,SR 1860,SR 1337,NC 226,16.523,,107916894,2024-11-08,17,1,0,5,O,35.333,-81.571,DMV349CLEANED,36554,,,Animal
RURAL,NC 226,0.1,N,SR 1344,SR 1860,NC 226,15.457,Y,107595829,2024-01-15,17,1,0,5,O,35.33395,-81.57105,DMV349CLEANED,36862,,,Animal
RURAL,NC 226,0.1,S,SR 1860,SR 1344,NC 226,15.923,,107570843,2023-12-16,17,2,7,5,O,35.333965,-81.57105,DMV349CLEANED,36867,,,Animal
RURAL,NC 226,0.003,S,SR 1344,SR 1343,NC 226,999.999,,108014006,2025-02-04,21,1,0,1,O,35.33432,-81.57098,DMV349CLEANED,36969,,,"Rear End, Slow or Stop"
RURAL,NC 226,0.1,N,SR 1344,SR 1860,NC 226,15.457,Y,107608575,2024-01-28,17,1,0,5,O,35.33552,-81.57121,DMV349CLEANED,37383,,,Animal
RURAL,NC 226,0.5,S,SR 1860,SR 1344,NC 226,15.523,,108017391,2025-02-07,19,1,0,5,O,35.33629,-81.57105,DMV349CLEANED,37605,,,Fixed Object
RURAL,NC 226,0.3,S,SR 1344,SR 1343,NC 226,999.999,,107990089,2025-01-11,17,1,0,5,O,35.337,-81.57,DMV349,37680,,,Animal
GROVER,NC 226,0.0,,US 29,SR 2233,NC 226,0.0,,108120253,2025-05-20,21,1,8,1,O,35.16,-81.44,DMV349,37681,,,"Rear End, Slow or Stop"
RURAL,NC 226,0.3,N,SR 1344,SR 1337,NC 226,15.657,Y,108314195,2025-11-20,17,1,0,1,O,35.336639,-81.57107,DMV349CLEANED,37719,,,Animal
RURAL,NC 226,0.2,S,SR 1860,SR 1344,NC 226,15.823,,107921794,2024-11-11,17,1,0,5,O,35.339029,-81.57118,DMV349CLEANED,38498,,,Animal
RURAL,NC 226,0.25,S,SR 1833,SR 1337,NC 226,999.999,,107596039,2024-01-16,17,2,0,3,O,35.34,-81.57,DMV349,38644,,,Animal
RURAL,NC 226,0.5,S,SR 1337,SR 1860,NC 226,16.0,,107546995,2023-11-29,17,1,0,5,O,35.34,-81.57,DMV349,38644,,,Animal
RURAL,NC 226,0.5,S,SR 1327,SR 1344,NC 226,999.999,,107995296,2025-01-10,19,5,0,1,O,35.34,-81.57,DMV349,38644,,,Fixed Object
RURAL,NC 226,0.7,N,SR 1344,SR 1860,NC 226,16.057,Y,107551013,2023-12-03,19,2,0,5,B,35.34051,-81.57112,DMV349CLEANED,38965,,,Fixed Object
RURAL,NC 226,0.095,S,SR 1860,SR 1344,NC 226,15.928,,108415429,2026-02-26,21,2,0,1,O,35.343,-81.57,DMV349,39615,,,"Rear End, Slow or Stop"
RURAL,NC 226,0.3,N,SR 1344,SR 1860,NC 226,15.657,Y,107772827,2024-07-03,17,1,0,5,O,35.34254,-81.5711,DMV349CLEANED,39617,,,Animal
RURAL,NC 226,0.095,N,SR 1860,SR 1337,NC 226,16.118,,107569622,2023-12-18,21,1,0,2,O,35.34373,-81.57092,DMV349CLEANED,39977,,,"Rear End, Slow or Stop"
RURAL,NC 226,0.2,N,SR 1860,SR 1337,NC 226,16.223,,107737788,2024-05-31,23,1,8,1,B,35.34419,-81.57081,DMV349CLEANED,40112,,,"Left Turn, Same Roadway"
RURAL,NC 226,0.3,S,SR 1337,SR 1860,NC 226,16.2,,107716753,2024-05-10,14,1,0,5,K,35.34443,-81.570895,VHB_PEDBIKE,40201,,,Pedestrian
RURAL,NC 226,0.2,S,SR 1337,SR 1860,NC 226,16.3,,107549438,2023-12-02,17,2,0,5,O,35.34472,-81.5709,DMV349CLEANED,40296,,,Animal
RURAL,PVA 2736 POLKVILLE RD,0.015,E,NC 226,SR 1337,,999.999,,107747361,2024-06-10,20,1,4,1,O,35.348632,-81.57041,DMV349,41508,,,Parked Motor Vehicle
RURAL,SR 1337,0.0,,NC 226,SR 1344,SR 1337,8.028,,108115841,2025-05-15,23,1,7,1,O,35.34868,-81.5703,DMV349CLEANED,41509,,,"Left Turn, Same Roadway"
RURAL,NC 226,0.1,N,SR 1860,SR 1337,NC 226,16.123,,108280227,2025-10-25,17,1,0,5,O,35.34868,-81.57049,DMV349CLEANED,41534,,,Animal
RURAL,NC 226,0.0,,SR 1337,SR 1832,NC 226,16.5,,107826547,2024-08-21,30,1,7,1,B,35.34926,-81.57075,DMV349CLEANED,41758,,,Angle
RURAL,NC 226,0.0,S,SR 1337,SR 1860,NC 226,16.5,,107716580,2024-05-10,29,1,7,1,O,35.34933,-81.57059,DMV349CLEANED,41760,,,"Sideswipe, Opposite Direction"
RURAL,NC 226,0.0,,SR 1337,SR 1832,NC 226,16.5,,107661577,2024-03-19,23,1,7,5,O,35.349319,-81.57063,DMV349CLEANED,41762,,,"Left Turn, Same Roadway"
RURAL,NC 226,0.0,,SR 1337,SR 1832,NC 226,16.5,,108016371,2025-01-31,30,2,7,5,B,35.349354,-81.57064,DMV349CLEANED,41775,,,Angle
RURAL,SR 1337,0.0,,NC 226,SR 1832,SR 1337,8.028,,108127244,2025-05-28,21,1,7,1,O,35.349337,-81.57078,DMV349CLEANED,41787,,,"Rear End, Slow or Stop"
RURAL,NC 226,0.5,N,SR 1860,SR 1337,NC 226,16.523,,108477968,2026-04-21,21,1,7,1,O,35.349366,-81.57077,DMV349CLEANED,41796,,,"Rear End, Slow or Stop"
RURAL,NC 226,0.0,S,SR 1337,SR 1344,NC 226,16.5,,107946600,2024-12-01,30,1,7,1,C,35.34944,-81.57105,DMV349CLEANED,41856,,,Angle
RURAL,NC 226,0.0,,SR 1337,SR 1860,NC 226,16.5,,107623806,2024-02-07,30,1,7,1,C,35.349557,-81.57078,DMV349CLEANED,41860,,,Angle
RURAL,NC 226,0.5,S,SR 1811,SR 1337,NC 226,16.624,,107896804,2024-10-24,17,1,0,5,O,35.35,-81.57,DMV349,41905,,,Animal
RURAL,NC 226,0.3,N,SR 1832,SR 1811,NC 226,17.037,,108530865,2026-06-07,29,1,8,5,O,35.35,-81.57,DMV349,41905,,,"Sideswipe, Opposite Direction"
RURAL,NC 226,0.0,,SR 1832,SR 1337,NC 226,16.737,,108006412,2025-01-26,21,1,8,1,O,35.35,-81.57,DMV349,41905,,,"Rear End, Slow or Stop"
RURAL,NC 226,0.3,S,SR 1832,SR 1337,NC 226,16.437,,108507764,2026-05-22,24,2,0,1,B,35.35,-81.57,DMV349,41905,,,"Left Turn, Different Roadways"
RURAL,NC 226,0.1,N,SR 1337,SR 1832,NC 226,16.6,,108345264,2025-12-11,21,1,0,1,O,35.35069,-81.57051,DMV349CLEANED,42197,,,"Rear End, Slow or Stop"
RURAL,NC 226,0.1,N,SR 1337,SR 1832,NC 226,16.6,,107545490,2023-11-28,17,1,0,3,O,35.35008,-81.57318,DMV349CLEANED,42347,,,Animal
RURAL,NC 226,0.11,N,SR 1337,SR 1832,NC 226,16.61,,108351816,2025-12-22,17,1,0,5,O,35.351163,-81.5705,DMV349CLEANED,42352,,,Animal
RURAL,NC 226,0.057,N,SR 1337,SR 1832,NC 226,16.557,,107579609,2023-12-29,17,1,0,5,O,35.35148,-81.57059,DMV349CLEANED,42468,,,Animal
RURAL,NC 226,0.009,S,SR 1832,SR 1337,NC 226,16.728,,108401345,2026-02-13,17,1,0,3,O,35.35186,-81.57057,DMV349CLEANED,42590,,,Animal
RURAL,NC 226,0.0,,SR 1832,SR 1337,NC 226,16.737,,108174869,2025-07-10,23,1,8,1,B,35.352726,-81.57035,DMV349CLEANED,42848,,,"Left Turn, Same Roadway"
RURAL,NC 226,0.0,S,SR 1832,SR 1337,NC 226,16.737,,108299208,2025-11-07,19,1,8,1,B,35.35288,-81.57052,DMV349CLEANED,42921,,,Fixed Object
RURAL,NC 226,0.2,S,SR 1811,SR 1832,NC 226,16.924,,107820540,2024-08-16,18,1,0,1,O,35.355343,-81.57084,DMV349CLEANED,43776,,,Movable Object
RURAL,NC 226,0.2,S,SR 1811,SR 1832,NC 226,16.924,,107820548,2024-08-16,18,1,0,1,O,35.355343,-81.57084,DMV349CLEANED,43776,,,Movable Object
RURAL,SR 1811,0.009,E,NC 226,SR 1823,SR 1811,4.286,,107488016,2023-10-10,31,1,0,1,C,35.35863,-81.57198,DMV349CLEANED,45007,,,Backing Up
RURAL,NC 226,0.4,N,SR 1832,SR 1811,NC 226,17.137,,108479135,2026-04-23,28,1,5,1,O,35.358832,-81.57268,DMV349CLEANED,45161,,,"Sideswipe, Same Direction"
RURAL,NC 226,0.097,S,SR 1809,SR 1811,NC 226,17.47,,108127224,2025-05-26,5,1,0,1,C,35.36,-81.57,DMV349,45224,,,
RURAL,NC 226,0.48,N,SR 1811,SR 1809,NC 226,17.604,,107604627,2024-01-22,23,1,9,5,O,35.36,-81.57,DMV349,45224,,,"Left Turn, Same Roadway"
RURAL,NC 226,0.57,S,SR 1343,SR 1809,NC 226,18.175,Y,108230111,2025-09-11,17,1,0,5,O,35.36,-81.57,DMV349,45224,,,Animal
RURAL,NC 226,0.068,N,SR 1345,SR 1809,NC 226,17.315,,107938487,2024-11-26,19,1,0,1,B,35.360562,-81.57369,DMV349CLEANED,45860,,,Fixed Object
RURAL,NC 226,0.3,N,SR 1811,SR 1809,NC 226,17.424,,107573553,2023-12-19,17,1,0,5,O,35.360848,-81.57335,DMV349CLEANED,45912,,,Animal
RURAL,NC 226,0.1,N,SR 1345,SR 1809,NC 226,17.347,,107656073,2024-03-11,21,1,0,1,O,35.3607,-81.57394,DMV349CLEANED,45937,,,"Rear End, Slow or Stop"
RURAL,NC 226,0.3,S,SR 1809,SR 1345,NC 226,17.267,,108135488,2025-06-05,21,2,0,1,O,35.360855,-81.57403,DMV349CLEANED,45999,,,"Rear End, Slow or Stop"
RURAL,NC 226,0.5,S,SR 1809,SR 1811,NC 226,17.067,,107582456,2024-01-02,17,1,0,5,O,35.36147,-81.57441,DMV349CLEANED,46250,,,Animal
RURAL,NC 226,0.1,N,SR 1345,SR 1005,NC 226,17.347,,108401902,2026-02-14,21,1,0,1,C,35.36204,-81.57466,DMV349CLEANED,46470,,,"Rear End, Slow or Stop"
RURAL,NC 180,0.0,,SR 1107,NC 198,NC 180,2.166,,108345347,2025-12-10,30,1,7,5,O,35.12,-81.53,DMV349,46492,-12857,,Angle
RURAL,NC 226,0.8,N,SR 1344,SR 1343,NC 226,999.999,,108280001,2025-10-24,28,1,0,1,O,35.36,-81.58,DMV349,46492,,,"Sideswipe, Same Direction"
RURAL,NC 226,0.59,N,SR 1809,SR 1344,NC 226,18.157,,107651414,2024-03-09,18,2,0,1,O,35.36,-81.58,DMV349,46492,,,Movable Object
RURAL,NC 226,0.25,S,SR 1809,SR 1345,NC 226,17.317,,107968638,2024-12-18,5,2,0,1,O,35.36276,-81.57522,DMV349CLEANED,46778,,,
RURAL,SR 1809,0.0,,NC 226,DEAD END,SR 1809,3.305,,108307834,2025-11-15,19,1,8,1,O,35.364224,-81.57642,DMV349CLEANED,47413,,,Fixed Object
RURAL,NC 226,0.0,,SR 1809,SR 1344,NC 226,17.567,,107738769,2024-05-31,24,1,8,1,O,35.36422,-81.57646,DMV349CLEANED,47417,,,"Left Turn, Different Roadways"
RURAL,NC 226,0.004,N,SR 1808,SR 1821,NC 226,17.571,,107772716,2024-06-30,20,1,0,1,O,35.36449,-81.57662,DMV349CLEANED,47526,,,Parked Motor Vehicle
RURAL,NC 226,0.004,N,SR 1808,SR 1821,NC 226,17.571,,107776363,2024-06-30,18,1,0,1,O,35.36449,-81.57662,DMV349CLEANED,47526,,,Movable Object
RURAL,NC 226,0.0,,SR 1344,SR 1808,NC 226,18.204,Y,108106849,2025-05-12,17,2,8,1,O,35.3646,-81.57681,DMV349CLEANED,47586,,,Animal
RURAL,NC 226,0.019,N,SR 1809,SR 1344,NC 226,17.586,,107861044,2024-09-19,24,1,4,1,B,35.364588,-81.57696,DMV349CLEANED,47601,,,"Left Turn, Different Roadways"
RURAL,NC 226,0.1,N,SR 1809,SR 1344,NC 226,17.667,,108501541,2026-05-11,17,1,0,5,O,35.36515,-81.57877,DMV349CLEANED,48016,,,Animal
RURAL,NC 226,0.0,,SR 1344,SR 1181,NC 226,999.999,,108045566,2025-03-09,17,1,0,5,O,35.3665,-81.58656,DMV349CLEANED,49494,,,Animal
RURAL,NC 226,1.0,N,US 74,SR 1343,NC 226,13.714,Y,108476365,2026-04-24,17,1,0,1,O,35.12,-81.57,DMV349,49499,,,Animal
RURAL,NC 226,0.0,N,SR 1344,SR 1343,NC 226,999.999,,108407171,2026-02-12,17,1,0,3,O,35.36662,-81.5866,DMV349CLEANED,49538,,,Animal
RURAL,NC 226,1.0,N,SR 1343,SR 1821,NC 226,19.745,Y,107913815,2024-11-05,21,2,0,1,B,35.367,-81.589,DMV349CLEANED,49996,,,"Rear End, Slow or Stop"
RURAL,NC 226,0.16,NW,SR 1344,SR 1343,NC 226,999.999,,107627694,2024-02-11,29,2,0,1,K,35.367572,-81.58921,DMV349CLEANED,50209,,,"Sideswipe, Opposite Direction"
RURAL,NC 226,0.29,SE,SR 1343,SR 1344,NC 226,999.999,,107968842,2024-12-23,17,1,0,3,O,35.367951,-81.59064,DMV349CLEANED,50533,,,Animal
RURAL,NC 226,0.002,S,SR 1343,SR 1344,NC 226,999.999,,107519579,2023-11-05,26,1,7,1,O,35.369073,-81.595246,ITRE_CMV,51559,,,"Right Turn, Different Roadways"
RURAL,NC 226,0.0,,SR 1343,SR 1821,NC 226,18.745,Y,107500139,2023-10-21,17,1,0,5,O,35.36924,-81.59553,DMV349CLEANED,51654,,,Animal
RURAL,NC 226,0.1,E,SR 1821,SR 1343,NC 226,18.913,,107929027,2024-11-19,17,1,0,1,O,35.369408,-81.59588,DMV349CLEANED,51759,,,Animal
RURAL,NC 226,0.2,N,SR 1821,SR 1422,NC 226,19.213,,107665510,2024-03-22,17,1,0,1,O,35.37,-81.6,DMV349,52565,,,Animal
RURAL,NC 226,0.3,S,SR 1821,SR 1424,NC 226,18.713,,108467472,2026-04-06,17,1,0,1,O,35.37,-81.6,DMV349,52565,,,Animal
RURAL,NC 226,0.05,S,SR 1821,SR 1343,NC 226,18.963,,108300584,2025-11-08,19,1,0,5,O,35.37168,-81.59842,DMV349CLEANED,52854,,,Fixed Object
RURAL,NC 226,0.085,N,SR 1821,SR 1422,NC 226,19.098,,108176556,2025-07-16,17,1,0,1,O,35.37331,-81.59964,DMV349CLEANED,53551,,,Animal
RURAL,NC 226,0.1,S,SR 1350,SR 1343,NC 226,20.344,,108459364,2026-04-02,21,1,0,1,C,35.37346,-81.59981,DMV349CLEANED,53623,,,"Rear End, Slow or Stop"
RURAL,NC 226,0.0,S,SR 1422,*LCL GENO DR ,NC 226,19.386,,107900638,2024-10-26,23,1,8,1,C,35.37646,-81.60251,DMV349CLEANED,54973,,,"Left Turn, Same Roadway"
RURAL,SR 1422,0.006,W,NC 226,DEAD END,SR 1422,0.0,,108022053,2025-02-15,19,2,8,1,O,35.37638,-81.60274,DMV349CLEANED,54983,,,Fixed Object
RURAL,NC 226,0.009,N,SR 1422,SR 1854,NC 226,19.395,,108007308,2025-01-31,17,1,0,5,O,35.376636,-81.60278,DMV349CLEANED,55069,,,Animal
RURAL,POLKVILLE,0.019,E,NC 226,DEAD END,,999.999,,108344592,2025-12-07,20,1,5,1,,35.37993,-81.60818,DMV349,56923,,,Parked Motor Vehicle
RURAL,NC 226,0.37,S,SR 1350,SR 1424,NC 226,20.074,,108343267,2025-12-08,17,1,0,5,O,35.3795,-81.61031,DMV349CLEANED,57120,,,Animal
RURAL,NC 226,0.2,S,SR 1350,SR 1424,NC 226,20.244,,107845227,2024-09-06,19,1,0,3,O,35.38,-81.61,DMV349,57227,,,Fixed Object
RURAL,NC 226,0.34,S,SR 1350,SR 1821,NC 226,20.104,,107976659,2025-01-01,5,1,0,1,C,35.38,-81.61,DMV349,57227,,,
RURAL,NC 226,0.2,S,SR 1364,SR 1350,NC 226,20.609,,107964533,2024-12-17,19,2,0,1,O,35.37958,-81.61327,DMV349CLEANED,57613,,,Fixed Object
RURAL,NC 226,0.41,SE,SR 1350,SR 1424,NC 226,20.034,,107647654,2024-03-05,21,1,0,5,O,35.379865,-81.61296,DMV349CLEANED,57651,,,"Rear End, Slow or Stop"
RURAL,NC 226,0.8,E,SR 1821,SR 1350,NC 226,18.213,,108224892,2025-09-05,29,1,0,5,O,35.379904,-81.61321,DMV349CLEANED,57703,,,"Sideswipe, Opposite Direction"
RURAL,NC 226,0.75,N,SR 1424,SR 1350,NC 226,20.503,,107578844,2023-12-20,17,1,0,5,O,35.38034,-81.61468,DMV349CLEANED,58072,,,Animal
RURAL,NC 226,0.0,,SR 1364,SR 1350,NC 226,20.809,,108168869,2025-06-21,28,1,7,1,O,35.38,-81.62,DMV349,58839,,,"Sideswipe, Same Direction"
RURAL,NC 226,0.36,S,SR 1364,SR 1350,NC 226,20.449,,108281972,2025-10-23,18,1,0,1,O,35.38,-81.62,DMV349,58839,,,Movable Object
RURAL,NC 226,0.047,N,SR 1350,SR 1364,NC 226,20.491,,108325206,2025-11-30,17,1,0,5,O,35.381634,-81.61793,DMV349CLEANED,58994,,,Animal
RURAL,NC 226,0.0,,SR 1350,SR 1343,NC 226,20.444,,107800401,2024-07-25,30,2,8,1,C,35.38267,-81.61899,DMV349CLEANED,59483,,,Angle
RURAL,SR 1350,0.003,E,NC 226,DEAD END,SR 1350,5.311,,107627604,2024-02-15,19,1,8,5,C,35.3828,-81.61894,DMV349CLEANED,59515,,,Fixed Object
RURAL,NC 226,0.0,,SR 1350,SR 1424,NC 226,20.444,,108043630,2025-03-03,25,1,8,1,C,35.38266,-81.61928,DMV349CLEANED,59527,,,"Right Turn, Same Roadway"
RURAL,SR 1364,0.019,E,NC 226,SR 1819,SR 1364,2.953,,107695331,2024-04-15,21,1,0,1,O,35.38728,-81.62221,DMV349CLEANED,61415,,,"Rear End, Slow or Stop"
RURAL,NC 226,0.4,S,SR 1820,SR 1364,NC 226,21.245,,107530279,2023-11-16,17,1,0,5,O,35.39203,-81.62488,DMV349CLEANED,63300,,,Animal
RURAL,NC 226,0.26,S,SR 1820,SR 1364,NC 226,21.385,,107930566,2024-11-18,19,1,0,5,O,35.394742,-81.62549,DMV349CLEANED,64230,,,Fixed Object
RURAL,NC 226,0.1,N,SR 1820,SR 1363,NC 226,21.745,,108161068,2025-07-02,17,1,0,5,O,35.395,-81.626,DMV349CLEANED,64392,,,Animal
RURAL,NC 226,0.2,S,SR 1820,SR 1364,NC 226,21.445,,108388221,2026-02-01,5,5,0,1,O,35.395314,-81.6256,DMV349CLEANED,64424,,,
RURAL,NC 226,1.53,S,NC 182,SR 1820,NC 226,21.699,,107892409,2024-10-21,17,1,0,5,O,35.4,-81.62,DMV349,65013,,,Animal
RURAL,NC 226,0.047,N,SR 1820,SR 1363,NC 226,21.692,,108105863,2025-05-06,21,1,0,1,O,35.399116,-81.62786,DMV349CLEANED,65955,,,"Rear End, Slow or Stop"
RURAL,NC 226,0.0,N,SR 1363,SR 1362,NC 226,22.135,,108397576,2026-01-27,28,1,0,1,O,35.4,-81.63,DMV349,66569,,,"Sideswipe, Same Direction"
RURAL,NC 226,0.0,,SR 1363,SR 1364,NC 226,22.135,,108289039,2025-10-23,24,1,7,1,C,35.4,-81.63,DMV349,66569,,,"Left Turn, Different Roadways"
RURAL,NC 226,0.3,N,SR 1362,SR 1363,NC 226,22.685,,107995297,2025-01-10,29,5,0,1,O,35.4,-81.63,DMV349,66569,,,"Sideswipe, Opposite Direction"
RURAL,NC 226,0.1,S,SR 1363,SR 1820,NC 226,22.035,,108377892,2026-01-20,17,1,0,5,O,35.4,-81.63,DMV349,66569,,,Animal
POLKVILLE,NC 226,0.039,N,*LCL WAMPUS DR ,SR 1404,,999.999,,108434626,2026-02-28,23,1,0,1,O,35.4,-81.63,DMV349,66569,,,"Left Turn, Same Roadway"
RURAL,NC 226,0.055,S,SR 1363,SR 1820,NC 226,22.08,,107536268,2023-11-20,17,1,0,5,O,35.40238,-81.63215,DMV349CLEANED,67645,,,Animal
RURAL,SR 1363,0.0,N,NC 226,NC 182,SR 1363,2.198,,107647535,2024-03-06,21,3,8,1,O,35.40322,-81.63383,DMV349CLEANED,68173,,,"Rear End, Slow or Stop"
RURAL,NC 226,0.0,,SR 1363,SR 1820,NC 226,22.135,,108189231,2025-07-29,30,2,7,1,C,35.40324,-81.63388,DMV349CLEANED,68188,,,Angle
RURAL,NC 226,0.011,SW,NC 226,,NC 226,999.999,,107574724,2023-12-19,24,1,4,1,O,35.40376,-81.63494,DMV349CLEANED,68518,,,"Left Turn, Different Roadways"
RURAL,NC 226,0.1,N,SR 1363,SR 1362,NC 226,22.235,,108188204,2025-07-28,17,1,0,5,O,35.40477,-81.63609,DMV349CLEANED,69014,,,Animal
POLKVILLE,NC 226,0.15,S,SR 1404,SR 1362,NC 226,22.634,Y,107907856,2024-10-31,17,1,0,8,O,35.406,-81.637,DMV349CLEANED,69538,,,Animal
POLKVILLE,NC 226,0.066,N,SR 1362,SR 1404,NC 226,22.451,,107863437,2024-09-23,17,1,0,3,O,35.406519,-81.6378,DMV349CLEANED,69826,,,Animal
POLKVILLE,NC 226,0.0,,SR 1404,NC 182,NC 226,22.87,Y,107578846,2023-12-20,30,1,8,5,C,35.40699,-81.63833,DMV349CLEANED,70056,,,Angle
POLKVILLE,NC 226,0.1,S,BLANTON,*LCL WAMPUS DR ,NC 226,999.999,,108552266,2026-07-06,19,1,0,1,O,35.408465,-81.63904,DMV349CLEANED,70622,,,Fixed Object
RURAL,NC 180,0.0,,SR 2205,SR 2428,NC 180,3.73,,108026636,2025-02-20,28,1,0,1,O,35.14087,-81.30894,DMV349,71077,-4599,,"Sideswipe, Same Direction"
POLKVILLE,NC 226,0.0,N,NC 182,SR 1567,NC 226,23.229,,108347172,2025-12-10,30,1,7,5,O,35.41,-81.64,DMV349,71247,,,Angle
POLKVILLE,PVA 4400 POLKVILLE RD,0.009,E,NC 226,PVA DEAD END,,999.999,,107666412,2024-03-23,20,1,4,1,O,35.41,-81.64,DMV349,71247,,,Parked Motor Vehicle
POLKVILLE,NC 226,0.0,,NC 182,NC 10,NC 226,23.229,,108596885,2026-08-15,30,1,7,1,O,35.41,-81.64,DMV349,71247,,,Angle
POLKVILLE,NC 226,0.3,S,NC 182,SR 1384,NC 226,22.929,,108140791,2025-06-12,19,1,0,5,B,35.41,-81.64,DMV349,71247,,,Fixed Object
POLKVILLE,NC 182,0.0,,NC 226,SR 1572,NC 182,0.0,,108090598,2025-04-12,26,1,7,5,O,35.41,-81.64,DMV349,71247,,,"Right Turn, Different Roadways"
POLKVILLE,NC 226,0.23,S,NC 182,SR 1362,NC 226,22.999,,108318453,2025-11-20,19,1,0,1,O,35.413394,-81.64253,DMV349CLEANED,72695,,,Fixed Object
POLKVILLE,NC 226,0.2,S,NC 182,SR 1362,NC 226,23.029,,107646341,2024-03-03,31,1,0,1,O,35.41348,-81.64253,DMV349CLEANED,72721,,,Backing Up
POLKVILLE,NC 182,0.0,,NC 226,SR 1561,NC 182,0.0,,107900630,2024-10-25,31,1,7,1,O,35.416,-81.643,DMV349CLEANED,73569,,,Backing Up
POLKVILLE,PVA 4328 POLKVILLE RD,0.009,E,NC 226,DEAD END,,999.999,,108256073,2025-10-04,19,1,4,1,O,35.416257,-81.64336,DMV349,73706,,,Fixed Object
POLKVILLE,NC 182,0.015,E,NC 226,SR 1508,NC 182,0.015,,108345704,2025-12-15,29,1,7,1,O,35.416587,-81.64341,DMV349CLEANED,73815,,,"Sideswipe, Opposite Direction"
POLKVILLE,NC 182,0.0,,NC 226,SR 1365,NC 182,0.0,,108040212,2025-02-26,30,1,7,1,A,35.416442,-81.64381,DMV349CLEANED,73835,,,Angle
POLKVILLE,NC 226,0.0,,NC 182,SR 1384,NC 226,23.229,,107608356,2024-01-27,30,2,7,1,C,35.41652,-81.64377,DMV349CLEANED,73853,,,Angle
POLKVILLE,NC 226,0.0,,NC 182,SR 1384,NC 226,23.229,,108492544,2026-05-08,30,1,7,1,C,35.416527,-81.64378,DMV349CLEANED,73856,,,Angle
POLKVILLE,NC 226,0.0,,NC 182,SR 1567,NC 226,23.229,,107488015,2023-10-10,23,1,7,1,O,35.41655,-81.64374,DMV349CLEANED,73857,,,"Left Turn, Same Roadway"
POLKVILLE,PVA 4400 POLKVILLE ROAD,0.017,E,NC 226,DEAD END,,999.999,,107986559,2025-01-07,20,1,4,1,,35.41678,-81.64345,DMV349,73881,,,Parked Motor Vehicle
POLKVILLE,NC 226,0.025,N,NC 182,SR 1567,NC 226,23.254,,107811923,2024-08-07,25,1,0,1,O,35.416877,-81.64386,DMV349CLEANED,73977,,,"Right Turn, Same Roadway"
RURAL,NC 226,0.6,S,SR 1376,NC 10,NC 226,23.248,,107722353,2024-05-12,21,1,8,1,O,35.42,-81.64,DMV349,74330,,,"Rear End, Slow or Stop"
POLKVILLE,NC 226,0.0,,NC 10,NC 182,NC 226,23.507,,108195376,2025-08-01,24,3,9,4,K,35.420572,-81.64431,DMV349CLEANED,75185,,,"Left Turn, Different Roadways"
POLKVILLE,NC 226,0.0,N,NC 10,STAMEY,NC 226,23.507,,108609410,2026-08-28,24,1,9,1,C,35.420671,-81.64437,DMV349CLEANED,75225,,,"Left Turn, Different Roadways"
POLKVILLE,NC 226,0.0,,SR 1510,SR 1375,NC 226,23.661,,108120496,2025-05-19,18,1,8,1,O,35.42237,-81.64558,DMV349CLEANED,75941,,,Movable Object
POLKVILLE,NC 226,0.0,,SR 1510,NC 10,NC 226,23.661,,108422274,2026-02-26,30,1,8,1,C,35.422505,-81.64554,DMV349CLEANED,75976,,,Angle
POLKVILLE,PVA HOMETOWN MARKET,0.009,W,NC 226,PVA DEAD END,,999.999,,107794556,2024-07-20,31,1,4,1,O,35.42244,-81.64605,DMV349,76037,,,Backing Up
POLKVILLE,PVA 4601 POLKVILLE ROAD,0.002,W,NC 226,DEAD END,,999.999,,107951026,2024-12-08,31,1,4,1,O,35.422641,-81.64584,DMV349,76066,,,Backing Up
RURAL,NC 226,0.5,N,SR 1393,SR 1373,NC 226,24.905,,108342313,2025-12-07,17,1,0,5,O,35.43,-81.65,DMV349,78997,,,Animal
RURAL,NC 226,0.4,N,SR 1376,SR 1520,NC 226,24.248,,107600655,2024-01-19,19,1,0,5,O,35.43126,-81.64969,DMV349CLEANED,79338,,,Fixed Object
RURAL,NC 226,0.0,,SR 1393,NC 182,NC 226,24.405,,107773487,2024-07-01,30,1,8,3,C,35.43237,-81.65013,DMV349CLEANED,79752,,,Angle
BELWOOD,SR 1612,0.0,N,NC 180,SR 1609,SR 1612,999.999,,107579511,2023-12-28,30,1,7,1,O,35.46626,-81.50564,DMV349CLEANED,80243,,,Angle
RURAL,NC 226,0.32,N,SR 1393,SR 1520,NC 226,24.725,,108001955,2025-01-24,18,1,1,1,O,35.436621,-81.65264,DMV349CLEANED,81463,,,Movable Object
RURAL,NC 226,0.2,S,SR 1393,SR 1520,NC 226,24.205,,108342185,2025-12-07,5,1,0,1,O,35.43715,-81.65278,DMV349CLEANED,81650,,,
RURAL,NC 226,0.03,N,SR 1520,SR 1373,NC 226,25.279,,108046819,2025-03-11,19,1,0,1,O,35.442,-81.657,DMV349CLEANED,83814,,,Fixed Object
RURAL,NC 226,0.038,S,SR 1520,SR 1393,NC 226,25.211,,108533693,2026-06-18,19,1,0,5,O,35.442234,-81.65732,DMV349CLEANED,83936,,,Fixed Object
RURAL,NC 226,0.2,S,SR 1373,SR 1520,NC 226,25.821,,108407311,2026-02-18,17,1,,5,O,35.44373,-81.65905,DMV349CLEANED,84671,,,Animal
RURAL,NC 226,0.5,S,SR 1373,SR 1520,NC 226,25.521,,107514184,2023-11-02,17,1,0,5,O,35.44496,-81.66055,DMV349CLEANED,85287,,,Animal
RURAL,NC 226,0.5,N,SR 1373,SR 1520,NC 226,26.521,,107903377,2024-10-28,17,1,0,1,O,35.452216,-81.66672,DMV349CLEANED,88504,,,Animal
RURAL,NC 226,0.71,S,SR 1379,SR 1378,NC 226,26.326,,107967948,2024-12-22,17,1,0,5,O,35.45507,-81.66816,DMV349CLEANED,89614,,,Animal
RURAL,NC 226,0.2,N,SR 1378,SR 1379,NC 226,26.301,,107665464,2024-03-24,19,1,0,5,B,35.45521,-81.66817,DMV349CLEANED,89659,,,Fixed Object
RURAL,NC 226,0.4,N,SR 1379,SR 1529,NC 226,27.436,,108431800,2026-03-12,19,1,0,1,O,35.466116,-81.67437,DMV349CLEANED,94012,,,Fixed Object
RURAL,NC 226,0.2,N,SR 1529,SR 1530,NC 226,27.911,,108204122,2025-08-01,19,2,0,1,O,35.47,-81.67,DMV349,94559,,,Fixed Object
RURAL,NC 226,0.36,S,SR 1529,SR 1379,NC 226,27.351,,108006672,2025-01-29,18,1,0,1,O,35.468493,-81.67569,DMV349CLEANED,94956,,,Movable Object
RURAL,NC 226,0.1,S,SR 1529,SR 1379,NC 226,27.611,,107582405,2024-01-01,17,1,0,5,O,35.4711,-81.67799,DMV349CLEANED,96124,,,Animal
RURAL,NC 226,0.1,N,SR 1379,SR 1529,NC 226,27.136,,107488024,2023-10-10,17,1,0,5,O,35.47228,-81.67852,DMV349CLEANED,96573,,,Animal
RURAL,NC 226,0.1,S,SR 1529,SR 1379,NC 226,27.611,,108448989,2026-03-28,17,1,0,3,O,35.4736,-81.67888,DMV349CLEANED,97040,,,Animal
RURAL,NC 226,0.1,N,SR 1529,SR 1530,NC 226,27.811,,108587884,2026-08-11,17,1,0,3,O,35.474828,-81.67995,DMV349CLEANED,97588,,,Animal
RURAL,NC 226,0.48,N,SR 1530,LEES CHAPEL,NC 226,29.008,,108544557,2026-06-28,17,1,0,1,O,35.48,-81.69,DMV349,100766,,,Animal
RURAL,NC 226,0.009,S,SR 1530,SR 1529,NC 226,28.519,,108025366,2025-02-18,17,1,0,5,O,35.482754,-81.68715,DMV349CLEANED,101171,,,Animal
RURAL,NC 226,0.1,N,SR 1530,SR 1529,NC 226,28.628,,107579096,2023-12-26,17,2,0,5,O,35.48341,-81.6882,DMV349CLEANED,101538,,,Animal
RURAL,NC 180,0.0,,SR 2202,NC 226,NC 180,5.263,,108365260,2025-12-20,30,1,7,5,B,35.22505,-81.8505,DMV349,101932,3495,,Angle
RURAL,NC 226,0.0,S,LEES CHAPEL,SR 1530,NC 226,29.023,,108049361,2025-03-15,17,1,0,5,O,35.48555,-81.69392,DMV349CLEANED,103100,,,Animal
RURAL,NC 226,0.43,N,SR 1530,LEES CHAPEL,NC 226,28.958,,107930693,2024-11-21,17,1,0,5,O,35.48566,-81.6943,DMV349CLEANED,103194,,,Animal
RURAL,NC 226,0.0,,LEES CHAPEL,SR 1530,NC 226,29.023,,107619283,2023-12-02,17,2,8,1,O,35.48573,-81.69484,DMV349,103301,,,Animal
RURAL,NC 180,0.41,N,SR 1933,SR 1908,NC 180,10.977,,108494515,2026-05-04,21,1,0,1,O,35.33011,-81.87045,DMV349,111772,33665,,"Rear End, Slow or Stop"
SHELBY,NC 180,0.0,,SR 2067,SR 2033,NC 180,8.702,,108461600,2026-04-06,21,1,8,1,O,35.56798,-81.42399,DMV349,120061,21653,,"Rear End, Slow or Stop"
RURAL,NC 226,0.3,N,SR 2336,SR 2226,NC 226,999.999,,108576888,2026-07-23,21,3,0,1,O,35.561083,-81.23985,DMV349,140037,,,"Rear End, Slow or Stop"
RURAL,NC 226,0.3,S,SR 1213,SR 2403,NC 226,8.75,,108495540,2026-05-07,19,3,0,5,O,35.66589,-81.51874,DMV349,153088,,,Fixed Object
,NC 226,0.047,N,SR 1809,SR 1811,NC 226,17.614,,107780872,2024-07-08,19,1,0,1,O,35.3615,-85.57443,DMV349,1210894,,,Fixed Object
RURAL,NC 198,0.9,S,NC 198,SR 1107,NC 198,999.999,,107551177,2023-11-22,21,1,0,1,O,25.22,-81.52,DMV349,3657732,,,"Rear End, Slow or Stop"
RURAL,NC 180,0.3,S,SR 1107,SR 2214,NC 180,1.866,,106858306,2022-02-09,19,1,0,1,O,,,,,-14441,,Fixed Object
RURAL,NC 180,0.0,,SR 2214,SR 2367,NC 180,0.946,,106897913,2022-03-21,24,1,8,1,O,,,,,-19298,,"Left Turn, Different Roadways"
RURAL,NC 180,0.1,E,SR 2220,SR 2214,NC 180,0.767,,107117121,2022-10-19,19,1,0,1,O,,,,,-20244,,Fixed Object
RURAL,NC 180,0.0,,SR 1107,NC 198,NC 180,2.166,,106800848,2021-12-08,30,1,7,1,O,,,,,-12857,,Angle
RURAL,NC 180,0.6,N,SR 2214,SR 1107,NC 180,1.546,,106918195,2022-04-07,17,1,0,5,O,,,,,-16130,,Animal
RURAL,NC 180,0.0,,SR 1107,SR 2214,NC 180,2.166,,107194444,2022-12-26,30,1,7,1,C,,,,,-12857,,Angle
RURAL,NC 180,0.057,S,SR 1108,NC 18,NC 180,0.488,,106840494,2022-01-22,19,4,0,1,C,,,,,-21717,,Fixed Object
RURAL,NC 180,0.0,,SR 1107,NC 198,NC 180,2.166,,106720722,2021-10-07,30,2,8,5,O,,,,,-12857,,Angle
RURAL,NC 180,0.1,S,SR 1108,NC 18,NC 180,0.531,,107043458,2022-08-10,18,1,0,1,O,,,,,-21490,,Movable Object
RURAL,NC 180,0.2,N,SR 2474,NC 198,NC 180,2.521,,107185609,2022-12-17,17,1,0,5,O,,,,,-10982,,Animal
RURAL,NC 180,0.014,E,SR 1108,SR 2220,NC 180,0.445,,107900821,2024-10-28,17,1,8,5,O,,,,,-21944,,Animal
RURAL,NC 180,0.2,NW,SR 2425,SR 1107,NC 180,0.619,,107411520,2023-07-26,17,1,0,5,O,,,,,-21025,,Animal
RURAL,NC 180,0.3,S,SR 1107,SR 2367,NC 180,1.866,,106691557,2021-09-10,19,1,0,1,O,,,,,-14441,,Fixed Object
RURAL,NC 180,0.1,S,SR 1107,SR 2214,NC 180,2.066,,107136546,2022-11-05,17,1,0,5,O,,,,,-13385,,Animal
EARL,NC 198,0.038,N,SEVENTH,SR 2225,NC 198,999.999,,107442000,2023-08-17,19,1,0,1,O,,,,,,,Fixed Object
RURAL,PVA NUMBER 3 HANDY MART,0.011,W,NC 180,DEAD END,,999.999,,106695032,2021-09-08,31,2,0,1,O,,,,,,,Backing Up
RURAL,NC 198,0.2,S,NC 180,SR 1107,NC 198,4.037,,106706646,2021-09-23,21,1,0,5,C,,,,,,,"Rear End, Slow or Stop"
RURAL,NC 198,0.006,S,NC 180,SR 1107,NC 198,4.231,,106725853,2021-10-12,17,1,0,5,O,,,,,,,Animal
RURAL,NC 198,0.1,S,SR 1107,SR 2226,NC 198,3.705,,107214190,2023-01-14,21,1,0,5,C,,,,,,,"Rear End, Slow or Stop"
RURAL,NC 198,0.1,N,SR 2226,NC 180,NC 198,2.916,,106752494,2021-11-03,17,1,0,5,O,,,,,,,Animal
EARL,NC 198,0.0,,SR 2225,SR 2213,NC 198,999.999,,106782374,2021-11-26,24,1,8,5,O,,,,,,,"Left Turn, Different Roadways"
RURAL,NC 198,0.1,N,SR 2226,SR 1107,NC 198,2.916,,106794402,2021-12-07,17,1,0,5,O,,,,,,,Animal
RURAL,SR 1100,0.0,,NC 180,NC 198,SR 1100,3.053,,106899230,2022-03-23,19,1,8,5,O,,,,,,,Fixed Object
RURAL,NC 198,0.3,N,SR 2226,SR 1107,NC 198,3.116,,106872618,2022-02-22,19,1,0,5,C,,,,,,,Fixed Object
RURAL,NC 198,0.1,S,SR 2432,SL-SC,NC 198,1.339,,106874698,2022-02-27,21,2,0,5,O,,,,,,,"Rear End, Slow or Stop"
RURAL,NC 198,0.54,S,SAGE,SL-SC,NC 198,999.999,,106806608,2021-12-15,17,1,0,5,O,,,,,,,Animal
RURAL,NC 198,0.5,N,SR 2226,SR 2377,NC 198,3.316,,106918504,2022-04-11,19,1,0,1,O,,,,,,,Fixed Object
EARL,NC 198,0.082,N,THOMAS,SR 2217,NC 198,999.999,,106966815,2022-05-23,19,2,0,5,O,,,,,,,Fixed Object
EARL,NC 198,0.89,N,SR 2301,SR 2225,NC 198,2.284,,106948064,2022-05-07,17,1,0,1,O,,,,,,,Animal
RURAL,NC 18,0.0,,NC 180,SR 1140,NC 18,2.187,Y,106983828,2022-06-10,24,1,7,1,O,,,,,,,"Left Turn, Different Roadways"
RURAL,NC 198,0.0,,PVA 2526 BLACKSBURG RD,SR 2226,,999.999,,107111220,2022-10-14,23,1,4,5,O,,,,,,,"Left Turn, Same Roadway"
RURAL,NC 18,0.0,,NC 180,SR 1132,NC 18,2.187,Y,107059512,2022-08-23,30,1,7,1,O,,,,,,,Angle
EARL,NC 198,0.034,S,SR 2213,SR 2215,NC 198,2.628,,107080783,2022-09-04,26,1,0,1,C,,,,,,,"Right Turn, Different Roadways"
RURAL,NC 198,0.012,S,SR 2226,SR 2225,NC 198,2.804,,107146793,2022-11-12,19,1,8,5,C,,,,,,,Fixed Object
EARL,NC 198,0.047,N,SR 2218,SR 2226,NC 198,999.999,,107146414,2022-11-13,17,1,0,5,O,,,,,,,Animal
EARL,NC 198,0.1,N,SR 2218,SR 2226,NC 198,999.999,,107177112,2022-12-10,17,2,0,1,O,,,,,,,Animal
EARL,NC 198,0.2,S,SR 2226,SR 2218,NC 198,2.616,,107283711,2023-03-23,13,1,0,5,O,,,,,,,
RURAL,NC 198,0.1,N,SR 2377,SR 1107,NC 198,3.576,,107238291,2023-02-08,19,1,0,5,O,,,,,,,Fixed Object
RURAL,NC 198,0.27,S,SR 2301,SL-SC,NC 198,1.124,,107349444,2023-05-29,19,1,0,1,O,,,,,,,Fixed Object
RURAL,PVA 2526 BLACKSBURG RD,0.026,W,NC 198,DEAD END,,999.999,,107443241,2023-08-27,20,1,4,4,,,,,,,,Parked Motor Vehicle
RURAL,NC 198,0.1,S,RECYCLING,SR 2226,NC 198,999.999,,107360374,2023-06-04,19,1,5,4,O,,,,,,,Fixed Object
RURAL,NC 198,0.1,S,SR 1107,SR 2226,NC 198,3.705,,107488027,2023-10-10,17,1,0,5,O,,,,,,,Animal
RURAL,NC 180,0.0,,SR 1107,NC 198,NC 180,2.166,,106880652,2022-03-04,24,1,7,1,O,,,,,-12857,,"Left Turn, Different Roadways"
RURAL,NC 180,0.0,,SR 2423,SR 2367,NC 180,0.667,,107001861,2022-06-18,20,1,8,6,O,,,,,-20772,,Parked Motor Vehicle
RURAL,NC 226,0.1,N,SR 2232,SR 2467,NC 226,1.532,,107199037,2022-12-08,23,1,,1,C,,,,,,,"Left Turn, Same Roadway"
RURAL,NC 226,0.25,N,SR 2226,SR 2228,NC 226,2.167,,107454132,2023-09-08,17,1,0,1,O,,,,,,,Animal
RURAL,NC 226,0.49,S,SR 2405,SR 2228,NC 226,3.835,,107365768,2023-06-10,20,1,0,1,O,,,,,,,Parked Motor Vehicle
RURAL,NC 226,0.3,S,GARDEN,SILVERADO,NC 226,3.337,,107422604,2023-08-07,19,2,0,5,O,,,,,,,Fixed Object
GROVER,NC 226,0.036,S,KEETER,GOLD,NC 226,0.763,,107422585,2023-08-06,19,2,0,1,O,,,,,,,Fixed Object
RURAL,NC 226,1.1,N,SR 2228,SR 2405,NC 226,3.742,,107128466,2022-10-25,19,1,0,5,A,,,,,,,Fixed Object
GROVER,NC 226,0.015,NW,SR 2233,SR 2235,NC 226,0.509,,107118956,2022-10-17,19,1,0,1,B,,,,,,,Fixed Object
RURAL,NC 226,0.8,S,SR 2212,SR 2228,NC 226,3.854,,107156462,2022-11-13,19,1,0,1,O,,,,,,,Fixed Object
RURAL,NC 226,0.3,N,SR 2226,SR 2199,NC 226,2.217,,107204679,2023-01-06,17,1,0,5,O,,,,,,,Animal
RURAL,NC 226,0.5,S,SR 2226,SR 2232,NC 226,1.417,,107178701,2022-12-12,21,1,0,1,O,,,,,,,"Rear End, Slow or Stop"
RURAL,NC 226,0.0,,SR 2366,SR 2212,NC 226,5.066,,107103346,2022-10-07,21,1,8,1,O,,,,,,,"Rear End, Slow or Stop"
RURAL,NC 226,0.2,NW,SR 2230,SR 2226,NC 226,1.428,,107129709,2022-10-18,31,1,5,1,O,,,,,,,Backing Up
RURAL,NC 226,1.1,E,SR 2405,SR 2228,NC 226,3.225,,106820939,2021-12-29,29,1,0,5,O,,,,,,,"Sideswipe, Opposite Direction"
GROVER,NC 226,0.0,,SR 2231,SR 2235,NC 226,0.916,Y,106921443,2022-04-14,26,1,7,3,C,,,,,,,"Right Turn, Different Roadways"
RURAL,NC 226,0.088,N,SR 2226,SR 2228,NC 226,2.005,,106691091,2021-09-08,29,2,0,5,O,,,,,,,"Sideswipe, Opposite Direction"
GROVER,NC 226,0.5,N,SR 2233,SR 2235,NC 226,0.994,,107146636,2022-11-13,1,1,0,1,A,,,,,,,
GROVER,SR 2233,0.009,S,NC 226,US 29,SR 2233,0.355,,107257771,2023-02-27,26,1,8,1,O,,,,,,,"Right Turn, Different Roadways"
RURAL,NC 226,0.2,S,SR 2212,SR 2226,NC 226,4.454,,106909480,2022-04-01,29,1,0,1,O,,,,,,,"Sideswipe, Opposite Direction"
GROVER,NC 226,0.1,N,US 29,SR 2233,NC 226,0.1,,106843813,2022-01-22,19,5,0,4,,,,,,,,Fixed Object
GROVER,PVA 218 N MAIN ST,0.003,N,NC 226,DEAD END,,999.999,,106833983,2022-01-15,31,1,4,1,O,,,,,,,Backing Up
RURAL,NC 226,0.5,E,SR 2212,SR 2226,NC 226,4.154,,107064179,2022-08-30,17,1,0,5,O,,,,,,,Animal
RURAL,NC 226,0.5,E,SR 2212,SR 2226,NC 226,4.154,,107064329,2022-08-30,17,1,0,5,O,,,,,,,Animal
RURAL,NC 226,0.3,E,SR 2212,SR 2228,NC 226,4.354,,107106797,2022-10-10,17,1,0,1,B,,,,,,,Animal
RURAL,SR 2226,0.0,S,NC 226,SR 2228,SR 2226,0.0,,107080483,2022-09-08,21,1,8,1,O,,,,,,,"Rear End, Slow or Stop"
RURAL,NC 226,1.0,S,SR 2212,SR 2226,NC 226,3.654,,107158266,2022-11-23,19,1,0,1,A,,,,,,,Fixed Object
RURAL,SR 2226,0.0,,NC 226,,SR 2226,0.0,,107264719,2023-03-07,21,1,8,1,O,,,,,,,"Rear End, Slow or Stop"
GROVER,PVA US POST OFFICE,0.006,W,NC 226,DEAD END,,999.999,,107219713,2023-01-20,20,1,4,4,,,,,,,,Parked Motor Vehicle
RURAL,NC 226,0.059,NW,SR 2232,SR 2467,NC 226,1.491,,107031744,2022-07-14,23,1,5,1,O,,,,,,,"Left Turn, Same Roadway"
RURAL,SR 2226,0.0,,NC 226,SR 2405,SR 2226,0.0,,107447169,2023-08-28,21,1,8,1,O,,,,,,,"Rear End, Slow or Stop"
RURAL,NC 226,0.0,,SR 2199,SR 2226,NC 226,999.999,,107103353,2022-10-06,17,1,0,5,O,,,,,,,Animal
RURAL,NC 226,0.34,N,SR 2235,SR 2230,NC 226,1.256,,106869252,2022-02-20,21,1,0,1,O,,,,,,,"Rear End, Slow or Stop"
RURAL,NC 226,0.1,W,SR 2467,SR 2226,NC 226,1.929,,107025143,2022-07-20,21,1,0,1,B,,,,,,,"Rear End, Slow or Stop"
RURAL,NC 226,0.17,S,SR 2238,SR 2226,NC 226,999.999,,107295492,2023-04-01,19,1,0,5,C,,,,,,,Fixed Object
RURAL,NC 226,0.5,N,SR 2226,SR 2212,NC 226,2.417,,107082143,2022-09-16,17,1,0,5,O,,,,,,,Animal
GROVER,NC 226,0.8,E,SR 2235,US 29,NC 226,0.116,,107051125,2022-08-07,19,1,0,5,,,,,,,,Fixed Object
GROVER,NC 226,0.005,S,CHERRY,US 29,NC 226,0.015,,107382386,2023-06-26,26,1,12,1,O,,,,,,,"Right Turn, Different Roadways"
RURAL,NC 226,0.3,N,SR 2228,SR 2405,NC 226,2.942,,106745356,2021-10-27,17,1,0,1,O,,,,,,,Animal
RURAL,NC 226,0.74,NW,SR 2228,SR 2405,NC 226,3.382,,107333222,2023-05-12,19,1,2,1,C,,,,,,,Fixed Object
GROVER,NC 226,0.0,,SR 2231,US 29,NC 226,0.916,Y,107128626,2022-10-29,23,1,7,1,O,,,,,,,"Left Turn, Same Roadway"
RURAL,NC 226,0.1,S,SR 2226,SR 2235,NC 226,1.817,,106860713,2022-02-13,17,1,0,5,O,,,,,,,Animal
RURAL,SR 1103,1.6,E,SR 2201,SR 2238,SR 1103,0.374,,107261294,2023-03-02,19,2,0,1,O,,,,,-17266,,Fixed Object
PATTERSON SPRINGS,NC 180,0.038,N,NC 226,SR 2205,NC 180,3.596,Y,107196638,2022-12-27,21,1,4,5,B,,,,,-5306,,"Rear End, Slow or Stop"
RURAL,NC 180,0.08,NE,SR 1100,SR 2426,NC 180,2.787,,107099225,2022-09-27,31,1,5,1,O,,,,,-9578,,Backing Up
RURAL,NC 226,0.0,,SR 2228,SR 2405,NC 226,2.642,,107443491,2023-08-21,21,1,0,5,,,,,,,,"Rear End, Slow or Stop"
RURAL,NC 180,0.1,N,SR 2474,NC 198,NC 180,2.421,,107258831,2023-03-01,17,1,0,3,O,,,,,-11510,,Animal
PATTERSON SPRINGS,NC 180,0.067,N,NC 226,SR 1104,NC 180,3.625,Y,107296011,2023-04-04,23,1,0,4,C,,,,,-5153,,"Left Turn, Same Roadway"
RURAL,NC 226,0.1,S,SR 2210,SR 2366,NC 226,5.238,,106991248,2022-06-17,17,1,0,5,O,,,,,,,Animal
RURAL,NC 180,0.004,E,SR 1100,NC 198,NC 180,2.711,,107110909,2022-10-04,26,1,9,1,O,,,,,-9979,,"Right Turn, Different Roadways"
PATTERSON SPRINGS,NC 180,0.019,S,SR 1104,NC 226,NC 180,3.878,,106833950,2022-01-12,19,1,0,5,,,,,,-3817,,Fixed Object
RURAL,NC 226,0.1,S,SR 2208,SR 2212,NC 226,4.741,,107260800,2023-03-02,17,2,0,5,O,,,,,,,Animal
PATTERSON SPRINGS,NC 180,0.11,N,SR 1104,SR 1236,NC 180,4.007,,106854346,2022-02-05,23,1,0,5,A,,,,,-3136,,"Left Turn, Same Roadway"
RURAL,NC 180,0.095,N,SR 1100,SR 1279,NC 180,2.802,,106791716,2021-12-05,19,1,0,8,,,,,,-9499,,Fixed Object
PATTERSON SPRINGS,NC 180,0.2,S,NC 226,SR 1100,NC 180,3.358,Y,106725901,2021-10-12,19,1,0,2,O,,,,,-6563,,Fixed Object
RURAL,NC 180,0.025,E,SR 1107,NC 198,NC 180,2.191,,107197761,2022-12-28,19,1,7,1,O,,,,,-12725,,Fixed Object
PATTERSON SPRINGS,NC 226,0.0,,NC 180,SR 2338,NC 180,3.558,Y,107094038,2022-09-22,21,1,8,1,O,,,,,-5507,,"Rear End, Slow or Stop"
RURAL,NC 180,1.1,N,SR 2214,SR 1107,NC 180,2.046,,107264757,2023-03-03,18,2,0,5,O,,,,,-13490,,Movable Object
PATTERSON SPRINGS,NC 180,0.078,N,NC 226,SR 2205,NC 180,3.636,Y,107445865,2023-09-03,19,1,0,1,,,,,,-5095,,Fixed Object
RURAL,NC 180,0.0,S,SR 1107,NC 198,NC 180,2.166,,106698196,2021-09-16,30,2,7,3,C,,,,,-12857,,Angle
PATTERSON SPRINGS,NC 180,0.0,,NC 226,SR 1100,NC 180,3.558,Y,106997705,2022-06-22,21,1,8,5,O,,,,,-5507,,"Rear End, Slow or Stop"
RURAL,NC 180,0.2,N,SR 1819,NC 198,NC 180,999.999,,106760007,2021-11-06,17,1,0,5,O,,,,,,,Animal
RURAL,NC 180,0.8,S,SR 1107,SR 2214,NC 180,1.366,,106814990,2021-12-24,17,1,0,5,O,,,,,-17081,,Animal
RURAL,NC 180,0.1,N,SR 1236,SR 1103,NC 180,4.308,,106983836,2022-06-10,19,1,0,1,B,,,,,-1547,,Fixed Object
RURAL,NC 180,0.2,S,SR 2329,SR 1103,NC 180,4.704,,107101290,2022-10-05,17,1,0,5,O,,,,,544,,Animal
PATTERSON SPRINGS,NC 180,0.1,N,NC 226,SR 2205,NC 180,3.658,Y,107355441,2023-06-02,19,1,0,1,O,,,,,-4979,,Fixed Object
RURAL,NC 180,0.019,SW,SR 1100,NC 198,NC 180,2.688,,107167670,2022-11-30,21,1,0,1,O,,,,,-10101,,"Rear End, Slow or Stop"
PATTERSON SPRINGS,NC 180,0.004,N,SR 1107,NC 198,NC 180,2.17,,107351941,2023-05-26,28,1,7,1,O,,,,,-12836,,"Sideswipe, Same Direction"
RURAL,NC 226,0.8,S,NC 180,SR 2210,NC 226,5.333,Y,106767509,2021-11-14,17,1,0,5,O,,,,,,,Animal
RURAL,NC 180,0.1,S,SR 1103,SR 1104,NC 180,4.501,,106781021,2021-11-25,17,1,0,5,O,,,,,-528,,Animal
RURAL,NC 180,1.0,S,NC 226,SR 1100,NC 180,2.558,Y,107327642,2023-05-03,19,1,0,1,O,,,,,-10787,,Fixed Object
PATTERSON SPRINGS,NC 180,0.006,SW,SR 1279,SR 1100,NC 180,3.067,,107374876,2023-06-18,21,1,8,1,C,,,,,-8100,,"Rear End, Slow or Stop"
RURAL,NC 180,0.27,S,SR 1003,SR 1104,NC 180,999.999,,107387963,2023-07-04,17,1,0,1,O,,,,,,,Animal
PATTERSON SPRINGS,NC 180,0.028,SW,NC 226,SR 1282,NC 180,3.53,Y,107112261,2022-10-09,24,1,4,5,O,,,,,-5655,,"Left Turn, Different Roadways"
RURAL,NC 180,0.58,SW,SR 1107,SR 2214,NC 180,1.586,,106925556,2022-04-03,29,1,0,5,O,,,,,-15919,,"Sideswipe, Opposite Direction"
RURAL,NC 226,0.3,S,SR 2212,SR 2405,NC 226,4.354,,107442003,2023-08-16,19,1,0,1,O,,,,,,,Fixed Object
RURAL,NC 180,0.05,SW,SR 1107,SR 2367,NC 180,2.116,,107197970,2022-12-29,19,1,0,5,,,,,,-13121,,Fixed Object
PATTERSON SPRINGS,NC 180,0.1,N,SR 1100,NC 226,NC 180,2.807,,107031272,2022-07-29,17,1,0,5,O,,,,,-9472,,Animal
PATTERSON SPRINGS,NC 180,0.1,N,NC 226,SR 2205,NC 180,3.658,Y,107040613,2022-08-06,21,2,0,5,B,,,,,-4979,,"Rear End, Slow or Stop"
RURAL,NC 226,0.1,S,SR 2366,SR 2212,NC 226,4.966,,106771474,2021-11-16,17,1,0,5,O,,,,,,,Animal
PATTERSON SPRINGS,NC 226,0.006,N,SR 2338,NC 180,NC 226,5.783,,107362689,2023-06-06,21,1,0,1,C,,,,,,,"Rear End, Slow or Stop"
RURAL,NC 226,0.16,SE,SR 2338,SR 2210,NC 226,5.617,,106760027,2021-11-05,21,1,0,1,B,,,,,,,"Rear End, Slow or Stop"
RURAL,NC 180,0.0,,SR 1100,NC 226,NC 180,2.707,,107369138,2023-06-16,21,1,8,1,O,,,,,-10000,,"Rear End, Slow or Stop"
RURAL,NC 180,0.0,,SR 1107,NC 198,NC 180,2.166,,106760447,2021-11-05,24,1,7,5,O,,,,,-12857,,"Left Turn, Different Roadways"
PATTERSON SPRINGS,NC 180,0.011,N,SR 1282,NC 226,NC 180,3.234,,107411730,2023-07-26,19,1,0,5,K,,,,,-7218,,Fixed Object
PATTERSON SPRINGS,NC 226,0.047,S,SR 2330,SR 2338,NC 226,5.906,,107407449,2023-07-21,23,1,0,1,O,,,,,,,"Left Turn, Same Roadway"
PATTERSON SPRINGS,NC 226,0.074,SE,NC 180,SR 2330,NC 226,6.059,Y,107411599,2023-07-28,32,1,0,1,O,,,,,,,Other Collision With Vehicle
RURAL,NC 180,0.032,S,SR 1236,SR 1104,NC 180,4.176,,107110307,2022-10-12,19,2,0,1,B,,,,,-2244,,Fixed Object
RURAL,NC 180,0.1,N,SR 1107,NC 198,NC 180,2.266,,106843828,2022-01-24,13,1,0,1,O,,,,,-12329,,
PATTERSON SPRINGS,NC 180,0.1,S,SR 1104,NC 226,NC 180,3.797,,107168927,2022-12-02,21,1,0,5,B,,,,,-4245,,"Rear End, Slow or Stop"
RURAL,NC 180,0.0,,SR 1107,NC 198,NC 180,2.166,,107305707,2023-04-17,30,1,7,3,A,,,,,-12857,,Angle
RURAL,NC 180,0.009,NE,NC 198,SR 1100,NC 180,2.62,,107183571,2022-12-13,21,1,0,1,O,,,,,-10460,,"Rear End, Slow or Stop"
RURAL,NC 180,1.0,N,SR 2214,SR 1107,NC 180,1.946,,106745362,2021-10-27,17,1,0,5,O,,,,,-14018,,Animal
RURAL,NC 180,0.0,,SR 2329,NC 226,NC 180,4.904,,106858310,2022-02-09,21,1,8,1,O,,,,,1600,,"Rear End, Slow or Stop"
RURAL,NC 226,0.095,NW,SR 2210,SR 2338,NC 226,5.433,,107093995,2022-09-18,17,1,0,5,O,,,,,,,Animal
RURAL,NC 180,0.3,N,SR 1104,SR 1103,NC 180,4.197,,107065786,2022-08-22,30,1,0,1,O,,,,,-2133,,Angle
RURAL,NC 180,0.009,S,SR 1100,NC 198,NC 180,2.698,,106954348,2022-05-12,21,1,8,1,O,,,,,-10048,,"Rear End, Slow or Stop"
RURAL,NC 180,0.038,N,SR 1104,SR 1236,NC 180,3.935,,107456716,2023-09-11,21,1,0,1,O,,,,,-3516,,"Rear End, Slow or Stop"
PATTERSON SPRINGS,NC 180,0.0,,SR 1104,NC 226,NC 180,3.897,,107155669,2022-11-18,23,1,8,1,B,,,,,-3717,,"Left Turn, Same Roadway"
RURAL,SR 1107,0.011,E,NC 198,*LCL PANSY LN ,SR 1107,2.418,,107327515,2023-05-01,19,1,8,5,,,,,,,,Fixed Object
PATTERSON SPRINGS,NC 180,0.057,S,SR 1104,SR 2205,NC 180,3.84,,107045856,2022-08-13,21,1,0,1,O,,,,,-4018,,"Rear End, Slow or Stop"
RURAL,SR 1100,0.005,W,NC 180,SR 2404,SR 1100,3.048,,107327648,2023-05-03,21,1,8,1,O,,,,,,,"Rear End, Slow or Stop"
RURAL,NC 226,0.8,E,SR 2366,SR 2405,NC 226,4.266,,106993577,2022-06-15,24,1,8,1,A,,,,,,,"Left Turn, Different Roadways"
RURAL,NC 180,0.019,S,SR 1100,NC 198,NC 180,2.688,,106959003,2022-05-12,21,1,0,1,O,,,,,-10101,,"Rear End, Slow or Stop"
PATTERSON SPRINGS,NC 180,0.095,S,SR 2205,NC 226,NC 180,3.635,,106913126,2022-04-05,21,2,0,1,O,,,,,-5100,,"Rear End, Slow or Stop"
RURAL,PVA ONE STOP SHOP,0.019,W,NC 180,DEAD END,,999.999,,106953206,2022-05-11,20,1,0,1,O,,,,,,,Parked Motor Vehicle
PATTERSON SPRINGS,NC 180,0.1,N,NC 226,SR 2205,NC 180,3.658,Y,106808754,2021-12-19,19,2,0,5,C,,,,,-4979,,Fixed Object
PATTERSON SPRINGS,NC 180,0.2,S,SR 1104,NC 226,NC 180,3.697,,107121492,2022-10-21,19,1,0,1,O,,,,,-4773,,Fixed Object
RURAL,NC 180,0.6,SW,NC 226,SR 1100,NC 180,2.958,Y,106813365,2021-12-21,20,1,0,5,O,,,,,-8675,,Parked Motor Vehicle
RURAL,NC 180,0.076,NE,SR 1298,NC 198,NC 180,2.362,,106786641,2021-11-30,17,1,0,5,C,,,,,-11822,,Animal
RURAL,SR 1103,0.02,E,SR 2384,NC 226,SR 1103,3.958,,106773511,2021-11-17,21,1,0,1,B,,,,,1658,,"Rear End, Slow or Stop"
RURAL,SR 1103,0.038,W,SR 2204,SR 2201,SR 1103,1.876,,106767505,2021-11-13,19,1,0,5,A,,,,,-9335,,Fixed Object
RURAL,SR 1103,0.1,W,SR 2205,NC 180,SR 1103,3.019,,106808749,2021-12-17,21,1,8,1,O,,,,,-3300,,"Rear End, Slow or Stop"
RURAL,SR 1103,0.019,S,SR 2380,SR 2238,SR 1103,1.253,,106798558,2021-12-10,19,2,0,5,O,,,,,-12624,,Fixed Object
PATTERSON SPRINGS,NC 180,0.0,,SR 2205,NC 226,NC 180,3.73,,106858307,2022-02-07,19,1,8,1,C,,,,,-4599,,Fixed Object
RURAL,PVA ANGELOS PIZZA,0.009,W,NC 180,DEAD END,,999.999,,106921907,2022-04-11,20,1,4,3,,,,,,,,Parked Motor Vehicle
RURAL,NC 226,0.019,NW,SR 2212,SR 1108,NC 226,4.673,,106814989,2021-12-26,17,1,0,5,O,,,,,,,Animal
PATTERSON SPRINGS,NC 180,0.004,N,SR 2205,SR 1104,NC 180,3.734,,106919546,2022-04-10,21,1,0,1,O,,,,,-4578,,"Rear End, Slow or Stop"
PATTERSON SPRINGS,NC 226,0.077,S,SR 2205,NC 180,NC 180,3.653,,106918349,2022-04-10,17,1,0,5,O,,,,,-5005,,Animal
RURAL,NC 226,0.038,NW,SR 2405,SR 2212,NC 226,4.363,,107454159,2023-09-09,17,1,0,5,O,,,,,,,Animal
RURAL,SR 1103,0.1,E,NC 180,SR 2205,SR 1103,3.544,,106966564,2022-05-23,19,1,0,1,C,,,,,-528,,Fixed Object
PATTERSON SPRINGS,NC 198,0.1,S,NC 180,SR 1107,NC 198,4.137,,106960885,2022-05-18,18,1,0,1,O,,,,,,,Movable Object
RURAL,PVA 2300 S POST RD,0.007,W,NC 180,DEAD END,,999.999,,107015890,2022-07-13,28,1,4,1,O,,,,,,,"Sideswipe, Same Direction"
RURAL,SR 1103,0.9,W,SR 2238,SR 2380,SR 1103,0.9,,107013349,2022-07-10,19,2,0,1,O,,,,,-14488,,Fixed Object
RURAL,SR 1100,0.0,,NC 180,NC 198,SR 1100,3.053,,107031164,2022-07-26,21,1,8,1,B,,,,,,,"Rear End, Slow or Stop"
RURAL,SR 1103,0.1,W,NC 180,SR 1100,SR 1103,3.744,,107110946,2022-10-11,29,1,0,1,O,,,,,528,,"Sideswipe, Opposite Direction"
PATTERSON SPRINGS,PVA LOWERY'S COUNTRY CORNE,0.005,S,NC 226,DEAD END,,999.999,,107045969,2022-08-13,31,1,4,1,O,,,,,,,Backing Up
RURAL,SR 1103,0.42,W,SR 2238,SR 2204,SR 1103,0.42,,107045790,2022-08-12,28,1,0,1,O,,,,,-17023,,"Sideswipe, Same Direction"
RURAL,NC 180,0.0,,SR 1107,NC 198,NC 180,2.166,,107052322,2022-08-20,24,1,7,1,B,,,,,-12857,,"Left Turn, Different Roadways"
PATTERSON SPRINGS,SR 1100,0.0,,NC 180,NC 198,SR 1100,3.053,,107310379,2023-04-21,21,1,8,1,O,,,,,,,"Rear End, Slow or Stop"
RURAL,SR 2474,0.019,E,NC 180,DEAD END,SR 2474,0.019,,107269579,2023-03-11,19,1,5,1,,,,,,,,Fixed Object
RURAL,NC 226,0.7,S,SR 2405,SR 2228,NC 226,3.625,,107384161,2023-06-30,17,1,0,5,O,,,,,,,Animal
RURAL,NC 180,0.0,,SR 2202,NC 226,NC 180,5.263,,107237875,2023-02-07,30,1,7,1,C,,,,,3495,,Angle
RURAL,SR 1103,0.0,,SR 2206,NC 180,SR 1103,2.919,,107214509,2023-01-14,24,1,8,5,O,,,,,-3828,,"Left Turn, Different Roadways"
RURAL,SR 1107,0.0,,NC 180,NC 198,SR 1107,2.038,,107214521,2023-01-16,21,1,7,1,O,,,,,,,"Rear End, Slow or Stop"
PATTERSON SPRINGS,PVA VEER CONVENIENT STORE,0.006,E,NC 180,DEAD END,,999.999,,107227708,2023-01-27,31,1,4,1,O,,,,,,,Backing Up
RURAL,PVA 2300 S POST RD,0.005,N,NC 180,DEAD END,,999.999,,107390551,2023-06-29,20,1,4,1,O,,,,,,,Parked Motor Vehicle
RURAL,NC 226,0.2,S,SR 2338,SR 2210,NC 226,5.577,,107361701,2023-06-06,19,1,5,1,A,,,,,,,Fixed Object
RURAL,NC 198,0.1,S,NC 180,SR 1107,NC 198,4.137,,107407451,2023-07-24,19,1,0,1,O,,,,,,,Fixed Object
PATTERSON SPRINGS,NC 180,0.2,S,SR 2205,NC 226,NC 180,3.53,,107407383,2023-07-23,19,2,0,1,O,,,,,-5655,,Fixed Object
RURAL,SR 1103,0.2,NW,SR 2206,NC 180,SR 1103,3.119,,107409357,2023-07-25,19,1,0,2,O,,,,,-2772,,Fixed Object
RURAL,NC 180,1.0,S,NC 198,SR 2214,NC 180,1.611,,106784998,2021-11-27,19,1,0,5,O,,,,,-15787,,Fixed Object
RURAL,SR 1103,0.0,,SR 2208,SR 2303,SR 1103,2.675,,107442215,2023-08-30,17,1,0,5,O,,,,,-5116,,Animal
RURAL,NC 180,0.27,S,SR 1003,SR 1104,NC 180,999.999,,107387865,2023-07-04,17,1,0,1,O,,,,,,,Animal
PATTERSON SPRINGS,CLEVELAND,0.007,NE,NC 226,DEAD END,CLEVELAND,0.083,,107050037,2022-08-17,20,1,5,1,O,,,,,,,Parked Motor Vehicle
PATTERSON SPRINGS,NC 180,0.005,N,IDA,SR 2205,NC 180,999.999,,107411612,2023-07-28,19,1,0,1,O,,,,,,,Fixed Object
PATTERSON SPRINGS,NC 180,0.0,,SR 1104,NC 226,NC 180,3.897,,107118889,2022-10-18,21,1,8,1,O,,,,,-3717,,"Rear End, Slow or Stop"
RURAL,NC 180,0.028,W,SR 2425,SR 2423,NC 180,0.791,,107135895,2022-11-04,19,1,0,1,B,,,,,-20117,,Fixed Object
RURAL,NC 180,0.074,S,SR 1236,SR 1104,NC 180,4.134,,106813595,2021-12-23,21,1,0,1,O,,,,,-2466,,"Rear End, Slow or Stop"
RURAL,NC 180,0.038,SW,SR 1107,SR 2367,NC 180,2.128,,106866777,2022-02-19,17,1,0,5,O,,,,,-13057,,Animal
RURAL,NC 180,0.0,,SR 1107,SR 2214,NC 180,2.166,,107454172,2023-09-05,30,1,7,1,O,,,,,-12857,,Angle
PATTERSON SPRINGS,NC 180,0.3,S,NC 226,SR 1100,NC 180,3.258,Y,106709880,2021-09-26,19,1,0,1,B,,,,,-7091,,Fixed Object
PATTERSON SPRINGS,NC 180,0.2,S,NC 226,SR 1100,NC 180,3.358,Y,107020731,2022-07-16,28,1,0,1,C,,,,,-6563,,"Sideswipe, Same Direction"
RURAL,NC 180,0.0,,SR 1107,SR 1298,NC 180,2.166,,107334302,2023-05-13,23,1,7,1,B,,,,,-12857,,"Left Turn, Same Roadway"
RURAL,NC 180,0.0,,SR 1100,DEAD END,NC 180,2.707,,107155659,2022-11-13,26,1,0,5,B,,,,,-10000,,"Right Turn, Different Roadways"
RURAL,NC 226,0.3,S,SR 2210,NC 180,NC 226,5.038,,106767508,2021-11-14,17,1,0,5,O,,,,,,,Animal
RURAL,NC 226,0.1,SE,SR 2405,SR 2228,NC 226,4.225,,106942765,2022-05-01,19,1,0,1,O,,,,,,,Fixed Object
RURAL,NC 226,0.0,,SR 2208,SR 2366,NC 226,4.841,,107419632,2023-08-06,19,1,0,3,B,,,,,,,Fixed Object
RURAL,NC 226,1.1,S,SR 2405,SR 2228,NC 226,3.225,,106729774,2021-10-15,29,1,0,3,O,,,,,,,"Sideswipe, Opposite Direction"
RURAL,NC 226,0.0,,SR 1003,NC 180,NC 226,999.999,,107035341,2022-07-31,30,1,7,1,C,,,,,,,Angle
PATTERSON SPRINGS,NC 226,0.2,N,SR 2330,NC 180,NC 180,3.578,,107238382,2023-02-08,31,1,8,3,O,,,,,-5401,,Backing Up
RURAL,NC 226,0.1,S,SR 2405,SR 2228,NC 226,4.225,,106798598,2021-12-11,17,2,0,5,O,,,,,,,Animal
RURAL,NC 226,0.1,S,SR 2210,SR 2366,NC 226,5.238,,108064147,2025-03-30,19,2,0,1,B,,,,,,,Fixed Object
RURAL,NC 226,0.2,N,SR 1344,SR 1343,NC 226,999.999,,107146262,2022-11-11,19,2,0,5,O,,,,,,,Fixed Object
POLKVILLE,NC 226,0.3,S,NC 182,SR 1362,NC 226,22.929,,107396844,2023-07-10,19,1,0,1,C,,,,,,,Fixed Object
RURAL,NC 226,0.2,S,SR 1530,SR 1529,NC 226,28.328,,107417674,2023-08-06,17,1,0,5,O,,,,,,,Animal
RURAL,NC 226,0.5,N,NC 10,SR 1520,NC 226,24.007,,107172922,2022-12-05,17,2,0,5,O,,,,,,,Animal
RURAL,NC 226,0.1,N,SR 1820,SR 1363,NC 226,21.745,,106773529,2021-11-18,17,1,0,5,O,,,,,,,Animal
RURAL,NC 226,0.2,N,SR 1364,SR 1820,NC 226,21.009,,107369140,2023-06-17,17,1,0,5,O,,,,,,,Animal
RURAL,NC 226,0.25,S,SR 1364,SR 1821,NC 226,20.559,,107422665,2023-08-08,17,1,0,5,O,,,,,,,Animal
RURAL,NC 226,0.2,S,SR 1350,SR 1854,NC 226,20.244,,106872763,2022-02-25,17,1,0,5,O,,,,,,,Animal
RURAL,NC 226,0.8,S,SR 1530,SR 1529,NC 226,27.728,,106971850,2022-05-27,17,2,0,3,O,,,,,,,Animal
RURAL,NC 226,0.2,N,SR 1821,SR 1422,NC 226,19.213,,106777746,2021-11-23,21,1,5,1,C,,,,,,,"Rear End, Slow or Stop"
RURAL,NC 226,0.0,S,SR 1337,SR 1860,NC 226,16.5,,106738037,2021-10-17,24,1,7,5,C,,,,,,,"Left Turn, Different Roadways"
POLKVILLE,NC 226,0.019,S,SR 1562,NC 182,NC 226,23.387,,107051148,2022-08-18,21,1,0,1,O,,,,,,,"Rear End, Slow or Stop"
RURAL,NC 226,0.7,S,SR 1373,SR 1520,NC 226,25.321,,107181199,2022-12-14,17,2,0,1,O,,,,,,,Animal
RURAL,NC 226,0.2,S,SR 1363,SR 1364,NC 226,21.935,,107191053,2022-12-21,23,1,0,5,O,,,,,,,"Left Turn, Same Roadway"
POLKVILLE,NC 10,0.0,,NC 226,SR 1375,NC 10,0.0,,107454150,2023-09-07,21,1,9,1,O,,,,,,,"Rear End, Slow or Stop"
RURAL,NC 226,0.3,S,SR 1379,SR 1378,NC 226,26.736,,107012182,2022-07-09,17,1,0,3,O,,,,,,,Animal
RURAL,NC 226,0.002,N,SR 1393,SR 1520,NC 226,24.407,,107238314,2023-02-08,22,1,8,1,C,,,,,,,"Rear End, Turn"
RURAL,NC 226,0.2,S,SR 1422,SR 1821,NC 226,19.186,,106788549,2021-11-30,17,1,0,5,O,,,,,,,Animal
RURAL,NC 226,1.1,S,SR 1821,SR 1811,NC 226,17.913,,107053400,2022-08-21,21,1,0,1,B,,,,,,,"Rear End, Slow or Stop"
RURAL,NC 226,0.5,S,SR 1820,SR 1364,NC 226,21.145,,107444964,2023-09-02,17,1,0,5,O,,,,,,,Animal
RURAL,NC 226,0.2,N,SR 1364,SR 1820,NC 226,21.009,,107514040,2023-11-02,28,1,0,1,O,,,,,,,"Sideswipe, Same Direction"
POLKVILLE,NC 226,0.1,N,NC 182,SR 1376,NC 226,23.329,,107145798,2022-11-14,17,1,0,5,O,,,,,,,Animal
RURAL,NC 226,0.019,N,SR 1343,SR 1821,NC 226,18.764,Y,106926827,2022-04-05,27,2,0,1,B,,,,,,,Head On
RURAL,NC 226,0.2,S,SR 1363,SR 1820,NC 226,21.935,,107183529,2022-12-16,17,1,0,1,O,,,,,,,Animal
POLKVILLE,NC 226,0.3,N,SR 1362,SR 1404,NC 226,22.685,,107306602,2023-04-10,18,1,0,5,O,,,,,,,Movable Object
RURAL,NC 226,0.0,,SR 1363,SR 1820,NC 226,22.135,,107322720,2023-04-25,30,1,7,1,O,,,,,,,Angle
RURAL,NC 226,0.3,N,SR 1379,SR 1529,NC 226,27.336,,107157104,2022-11-22,5,1,0,5,C,,,,,,,
RURAL,NC 226,0.1,N,SR 1808,SR 1343,NC 226,17.667,,106762281,2021-11-09,17,1,0,5,O,,,,,,,Animal
POLKVILLE,NC 226,0.17,S,SR 1376,NC 10,NC 226,23.678,,107099284,2022-10-01,23,1,0,1,O,,,,,,,"Left Turn, Same Roadway"
POLKVILLE,NC 226,0.0,,SR 1510,NC 10,NC 226,23.661,,107483505,2023-10-07,30,1,8,1,O,,,,,,,Angle
RURAL,NC 226,0.082,S,SR 1379,SR 1378,NC 226,26.954,,107031200,2022-07-29,17,1,0,5,O,,,,,,,Animal
RURAL,NC 226,0.2,S,SR 1530,SR 1529,NC 226,28.328,,107043656,2022-08-11,19,2,0,1,O,,,,,,,Fixed Object
POLKVILLE,NC 226,0.1,N,NC 10,SR 1377,NC 226,23.607,,106748314,2021-10-30,21,1,0,1,O,,,,,,,"Rear End, Slow or Stop"
RURAL,NC 226,0.1,N,SR 1820,SR 1363,NC 226,21.745,,106690215,2021-09-09,17,1,0,5,O,,,,,,,Animal
RURAL,NC 226,0.3,N,SR 1376,SR 1393,NC 226,24.148,,106706541,2021-09-22,17,1,0,3,O,,,,,,,Animal
RURAL,NC 226,0.2,N,SR 1520,SR 1373,NC 226,25.449,,106848033,2022-01-29,19,1,0,5,,,,,,,,Fixed Object
POLKVILLE,NC 226,0.0,,SR 1510,NC 10,NC 226,23.661,,106893713,2022-03-15,23,1,0,1,O,,,,,,,"Left Turn, Same Roadway"
RURAL,NC 226,0.29,N,SR 1364,SR 1820,NC 226,21.099,,106989367,2022-06-16,17,1,0,5,O,,,,,,,Animal
RURAL,NC 226,0.7,N,SR 1378,SR 1379,NC 226,26.801,,107281070,2023-03-19,17,1,0,1,O,,,,,,,Animal
RURAL,SR 1821,0.0,,NC 226,SR 1343,SR 1821,1.301,,106748492,2021-10-30,24,1,8,1,O,,,,,,,"Left Turn, Different Roadways"
RURAL,SR 1350,0.0,,NC 226,SR 1364,SR 1350,5.311,,106777422,2021-11-21,19,1,8,5,O,,,,,,,Fixed Object
RURAL,PVA 4006 POLKVILLE RD,0.009,E,NC 226,DEAD END,,999.999,,107128656,2022-10-12,19,1,4,1,O,,,,,,,Fixed Object
RURAL,PVA POLKVILLE DISCOUNT,0.008,W,NC 226,DEAD END,,999.999,,107126779,2022-10-27,19,1,0,1,O,,,,,,,Fixed Object
POLKVILLE,PVA BUCKS SAVER #4,0.006,E,NC 226,DEAD END,,999.999,,107387982,2023-07-03,19,1,0,1,O,,,,,,,Fixed Object
RURAL,NC 226,0.3,S,SR 1809,SR 1345,NC 226,17.267,,107209075,2023-01-05,17,1,0,5,O,,,,,,,Animal
RURAL,NC 226,1.0,N,SR 1809,SR 1821,NC 226,18.567,,106732583,2021-10-18,17,1,0,5,O,,,,,,,Animal
RURAL,NC 226,0.4,S,SR 1820,SR 1363,NC 226,21.245,,106748531,2021-10-28,21,2,0,1,B,,,,,,,"Rear End, Slow or Stop"
POLKVILLE,PVA HOMETOWN MARKET,0.004,W,NC 226,PVA DEAD END,,999.999,,107260894,2023-03-01,31,1,4,1,O,,,,,,,Backing Up
RURAL,NC 226,0.3,S,SR 1350,SR 1821,NC 226,20.144,,106693969,2021-09-12,17,1,0,1,O,,,,,,,Animal
RURAL,NC 226,0.3,S,SR 1424,SR 1821,NC 226,19.453,,106722698,2021-10-09,23,1,5,5,O,,,,,,,"Left Turn, Same Roadway"
RURAL,NC 226,0.0,,SR 1363,SR 1820,NC 226,22.135,,107335806,2023-05-14,30,1,7,1,B,,,,,,,Angle
RURAL,PVA 4001 POLKVILLE RD,0.004,W,NC 226,DEAD END,,999.999,,107405177,2023-07-21,31,1,0,1,O,,,,,,,Backing Up
POLKVILLE,PVA 4400 POLKVILLE RD,0.019,E,NC 226,DEAD END,,999.999,,107442001,2023-08-14,28,1,4,1,O,,,,,,,"Sideswipe, Same Direction"
RURAL,NC 226,0.091,S,SR 1809,SR 1811,NC 226,17.476,,107012129,2022-07-04,19,1,0,5,O,,,,,,,Fixed Object
RURAL,NC 226,0.1,N,SR 1821,SR 1364,NC 226,19.113,,107240475,2023-02-11,24,1,0,1,A,,,,,,,"Left Turn, Different Roadways"
RURAL,NC 226,0.1,N,SR 1529,SR 1530,NC 226,27.811,,106956009,2022-05-14,19,1,0,1,O,,,,,,,Fixed Object
POLKVILLE,NC 226,0.0,,PVA POLKVILLE RD,SR 1297,NC 226,999.999,,107101349,2022-10-03,30,1,4,1,O,,,,,,,Angle
RURAL,NC 226,0.0,,SR 1344,SR 1343,NC 226,999.999,,107266203,2023-03-07,19,1,8,5,B,,,,,,,Fixed Object
RURAL,NC 226,0.27,N,SR 1821,*LCL GENO DRIVE ,NC 226,19.283,,106748497,2021-10-31,17,1,0,5,O,,,,,,,Animal
POLKVILLE,NC 226,0.1,N,SR 1362,NC 182,NC 226,22.485,,106948097,2022-05-07,17,1,0,5,O,,,,,,,Animal
RURAL,NC 226,0.1,N,SR 1343,SR 1821,NC 226,18.845,Y,107093929,2022-09-25,21,1,0,1,O,,,,,,,"Rear End, Slow or Stop"
RURAL,NC 226,0.8,N,SR 1521,SR 1376,NC 226,999.999,,106840728,2022-01-19,17,1,0,5,O,,,,,,,Animal
RURAL,NC 226,0.1,N,SR 1344,SR 1343,NC 226,999.999,,106931354,2022-04-22,17,1,0,5,O,,,,,,,Animal
RURAL,NC 226,0.8,N,SR 1521,SR 1530,NC 226,999.999,,106721218,2021-10-08,17,2,0,5,C,,,,,,,Animal
RURAL,NC 226,0.0,,SR 1137,SR 1832,NC 226,999.999,,106776105,2021-11-19,30,1,7,1,B,,,,,,,Angle
RURAL,NC 226,0.2,N,SR 1376,SR 1373,NC 226,24.048,,107426893,2023-08-13,17,1,0,1,O,,,,,,,Animal
RURAL,NC 226,0.2,S,SR 1376,SR 1510,NC 226,23.648,,106694019,2021-09-12,5,1,0,1,A,,,,,,,
RURAL,NC 226,0.2,S,SR 1343,SR 1811,NC 226,18.545,Y,107167270,2022-12-01,29,1,0,2,O,,,,,,,"Sideswipe, Opposite Direction"
RURAL,NC 226,0.1,N,SR 1343,SR 1821,NC 226,18.845,Y,107341750,2023-05-21,19,1,0,5,O,,,,,,,Fixed Object
RURAL,NC 226,0.2,N,SR 1520,SR 1522,NC 226,25.449,,107160178,2022-11-26,17,1,0,5,O,,,,,,,Animal
RURAL,NC 226,0.4,N,SR 1529,SR 1530,NC 226,28.111,,107171351,2022-12-05,17,2,0,5,O,,,,,,,Animal
POLKVILLE,NC 226,0.3,N,SR 1362,NC 182,NC 226,22.685,,106872633,2022-02-23,21,1,0,1,O,,,,,,,"Rear End, Slow or Stop"
RURAL,NC 226,0.1,S,SR 1965,SR 1809,NC 226,999.999,,107338884,2023-05-16,17,1,0,1,O,,,,,,,Animal
RURAL,NC 226,0.038,S,SR 1362,SR 1363,NC 226,22.347,,107136169,2022-11-04,17,1,0,5,O,,,,,,,Animal
RURAL,NC 226,0.7,N,SR 1393,SR 1520,NC 226,25.105,,107121647,2022-10-23,17,1,0,5,O,,,,,,,Animal
SHELBY,NC 226,0.019,N,US 74,OLD BOILING SPRINGS,NC 226,999.999,,106873677,2021-12-21,21,2,,4,O,,,,,,,"Rear End, Slow or Stop"
RURAL,NC 226,0.1,N,SR 1343,SR 1344,NC 226,999.999,,107442041,2023-08-29,17,1,0,1,O,,,,,,,Animal
SHELBY,PVA S POST RD,0.047,,MARION,KEMPER,NC 180,7.444,Y,108575994,2026-07-28,19,1,4,1,O,,,,,15011,,Fixed Object
SHELBY,DIXON,0.0,,POST,DIXON FRONTAGE,US 74,13.868,,107704981,2024-04-11,28,1,,1,O,,,,,,,"Sideswipe, Same Direction"
SHELBY,MARION,0.019,W,POST,ELIZABETH CH,US 74BUS,15.8,,107189128,2022-11-09,28,1,0,1,O,,,,,,,"Sideswipe, Same Direction"
RURAL,NC 180,0.8,N,NC 150,SR 1933,NC 180,10.454,,107215757,2023-01-16,19,1,0,1,C,,,,,30904,,Fixed Object
RURAL,NC 180,0.019,N,SR 2329,NC 226,NC 180,4.923,,107082122,2022-09-16,21,1,0,5,O,,,,,1700,,"Rear End, Slow or Stop"
RURAL,NC 226,0.4,N,SR 1861,SR 1343,NC 226,13.854,,107050151,2022-08-17,17,1,0,3,O,,,,,,,Animal
RURAL,NC 226,0.006,S,NC 180,SR 2329,NC 180,5.124,Y,107053454,2022-08-22,24,1,9,1,C,,,,,2761,,"Left Turn, Different Roadways"
SHELBY,DIXON,0.0,,POST,FOXBOROUGH,US 74,13.868,,108222490,2025-07-02,30,1,,3,O,,,,,,,Angle
SHELBY,DIXON,0.0,,POST,EARL,US 74,13.868,,108337438,2025-11-23,21,1,,1,O,,,,,,,"Rear End, Slow or Stop"
SHELBY,CHERRYVILLE,0.0,,POST,SPAKE,NC 150,17.953,,107977192,2024-12-19,28,1,25,1,O,,,,,,,"Sideswipe, Same Direction"
SHELBY,CHERRYVILLE,0.0,,POST,FAIRVIEW,NC 150,17.953,,108337468,2025-11-21,30,1,10,1,O,,,,,,,Angle
RURAL,NC 180,0.01,S,SR 1979,SR 1937,NC 180,10.719,,106997715,2022-06-21,19,1,0,1,A,,,,,32303,,Fixed Object
SHELBY,PVA 220 S POST RD,0.019,W,POST,KING,,999.999,,108576168,2026-02-16,21,1,0,1,O,,,,,,,"Rear End, Slow or Stop"
SHELBY,POST,0.019,N,DIXON,KING,NC 180,6.607,,108247396,2025-08-28,30,1,,1,C,,,,,10592,,Angle
SHELBY,DIXON,0.0,,POST,MARION,US 74,13.868,,107547294,2023-11-10,30,2,0,1,O,,,,,,,Angle
RURAL,NC 226,0.5,N,SR 1861,US 74BUS,NC 226,13.954,,107125596,2022-10-26,17,1,0,5,O,,,,,,,Animal
RURAL,NC 226,0.0,,NC 180,SR 2329,NC 180,5.13,Y,106791722,2021-12-04,24,1,0,1,O,,,,,2793,,"Left Turn, Different Roadways"
RURAL,NC 226,0.2,S,SR 1809,SR 1345,NC 226,17.367,,107173070,2022-12-07,17,2,0,5,O,,,,,,,Animal
RURAL,NC 226,0.1,S,SR 1809,SR 1811,NC 226,17.467,,106813373,2021-12-22,18,1,0,5,O,,,,,,,Movable Object
RURAL,NC 226,0.035,S,SR 1821,SR 1343,NC 226,18.978,,106833214,2022-01-10,19,1,0,5,C,,,,,,,Fixed Object
RURAL,NC 226,0.4,S,SR 1337,SR 1344,NC 226,16.1,,106982201,2022-06-09,21,1,0,1,O,,,,,,,"Rear End, Slow or Stop"
RURAL,NC 226,0.3,N,SR 1861,US 74,NC 226,13.754,,107005724,2022-07-01,23,1,5,1,O,,,,,,,"Left Turn, Same Roadway"
SHELBY,MARION,0.014,E,POST,KEMPER,US 74BUS,15.833,,108265831,2025-09-28,29,1,0,4,O,,,,,,,"Sideswipe, Opposite Direction"
SHELBY,DIXON,0.0,,POST,,US 74,13.868,,108255929,2025-09-10,21,1,0,4,O,,,,,,,"Rear End, Slow or Stop"
SHELBY,CHERRYVILLE,0.0,,POST,,NC 150,17.953,,107604278,2024-01-19,30,1,7,1,O,,,,,,,Angle
SHELBY,CHERRYVILLE,0.0,,POST,DALTON,NC 150,17.953,,107092405,2022-09-13,21,1,,1,O,,,,,,,"Rear End, Slow or Stop"
RURAL,NC 180,0.8,S,NC 150,SR 2067,NC 180,8.854,,106860600,2022-02-10,21,1,0,1,O,,,,,22456,,"Rear End, Slow or Stop"
RURAL,NC 180,0.0,,SR 2329,NC 226,NC 180,4.904,,106880345,2022-03-03,19,1,0,1,C,,,,,1600,,Fixed Object
RURAL,NC 226,0.1,S,NC 180,SR 2338,NC 226,6.033,Y,106790035,2021-12-03,17,1,0,5,O,,,,,,,Animal
SHELBY,POST,0.0,,MARION,FAIRGROUND,NC 180,7.444,,108575228,2026-05-14,30,1,0,1,O,,,,,15011,,Angle
RURAL,NC 180,0.038,N,SR 1933,SR 1979,NC 180,10.605,,106787376,2021-11-26,18,1,0,1,B,,,,,31701,,Movable Object
SHELBY,DIXON,0.0,,POST,COUNTY HOME,US 74,13.868,,108383581,2026-01-05,21,1,12,1,O,,,,,,,"Rear End, Slow or Stop"
SHELBY,NC 180,0.013,N,SR 2052,SR 2125,NC 180,8.028,,106957341,2022-05-15,28,2,0,1,O,,,,,18095,,"Sideswipe, Same Direction"
RURAL,NC 180,0.0,,SR 1104,SR 2206,NC 180,3.897,,106957496,2022-05-16,21,1,8,1,C,,,,,-3717,,"Rear End, Slow or Stop"
SHELBY,MARION,0.0,,POST,KING,US 74BUS,15.819,,107093251,2022-09-13,30,1,,1,O,,,,,,,Angle
RURAL,PVA BRADSHAWS,0.011,W,NC 180,PVA DEAD END,,999.999,,106945174,2022-05-02,28,1,4,1,O,,,,,,,"Sideswipe, Same Direction"
SHELBY,DIXON,0.005,E,POST,MARION,US 74,13.873,,108406876,2026-02-05,28,2,,1,O,,,,,,,"Sideswipe, Same Direction"
RURAL,NC 180,0.0,,SR 1925,SR 1924,NC 180,11.508,,107075354,2022-09-10,24,2,8,1,O,,,,,36469,,"Left Turn, Different Roadways"
RURAL,NC 226,0.0,,SR 1337,SR 1832,NC 226,16.5,,107214115,2023-01-11,24,1,7,1,O,,,,,,,"Left Turn, Different Roadways"
RURAL,NC 226,0.004,E,SR 1337,NC 226,NC 226,16.496,,106939942,2022-04-29,30,1,7,1,O,,,,,,,Angle
RURAL,NC 180,0.1,N,NC 150,SR 1926,NC 180,9.754,,107286496,2023-03-24,21,1,0,1,O,,,,,27208,,"Rear End, Slow or Stop"
RURAL,NC 180,1.6,N,US 74BUS,NC 18,NC 180,9.044,,107286824,2023-03-27,19,1,0,1,O,,,,,23459,,Fixed Object
RURAL,NC 180,0.0,,SR 1107,SR 2214,NC 180,2.166,,107417678,2023-08-06,30,1,7,1,C,,,,,-12857,,Angle
RURAL,NC 180,0.0,,SR 1908,SR 1979,NC 180,11.137,,107427823,2023-08-09,24,1,12,1,O,,,,,34510,,"Left Turn, Different Roadways"
RURAL,NC 180,0.5,S,US 74,SR 1232,NC 180,6.088,,106699274,2021-09-17,21,1,0,1,O,,,,,7851,,"Rear End, Slow or Stop"
RURAL,NC 180,0.2,S,NC 18,SR 1925,NC 180,11.758,Y,106685820,2021-09-01,19,2,0,5,O,,,,,37789,,Fixed Object
SHELBY,DIXON,0.0,,POST,MAIN,US 74,13.868,,106916549,2022-02-09,30,1,7,3,C,,,,,,,Angle
SHELBY,NC 226,0.0,,WAL MART,,NC 226,13.454,,106795562,2021-10-23,28,1,,4,O,,,,,,,"Sideswipe, Same Direction"
RURAL,NC 180,0.15,N,SR 1926,SR 1972,NC 180,10.389,,107057212,2022-08-18,19,1,0,5,O,,,,,30561,,Fixed Object
RURAL,NC 226,0.0,,SR 1809,SR 1344,NC 226,17.567,,107415889,2023-08-03,24,2,9,1,O,,,,,,,"Left Turn, Different Roadways"
SHELBY,PVA 1801 E DIXON BLVD,0.013,E,POST,PVA DEAD END,,999.999,,108118250,2025-05-01,30,2,,1,O,,,,,,,Angle
RURAL,NC 226,0.3,N,SR 1344,SR 1337,NC 226,15.657,Y,107136331,2022-11-03,17,1,0,5,O,,,,,,,Animal
SHELBY,CHERRYVILLE,0.0,,POST,DALTON,NC 150,17.953,,108145327,2025-05-23,30,1,10,1,,,,,,,,Angle
SHELBY,CHERRYVILLE,0.0,,POST,AIRPORT,NC 150,17.953,,108220069,2025-06-27,28,1,10,1,C,,,,,,,"Sideswipe, Same Direction"
SHELBY,DIXON,0.0,,POST,POST,US 74,13.868,,106888052,2021-12-30,1,2,0,5,O,,,,,,,
RURAL,NC 180,0.0,,NC 226,SR 2329,NC 180,5.13,Y,107454289,2023-09-10,24,1,9,1,O,,,,,2793,,"Left Turn, Different Roadways"
RURAL,NC 226,0.0,,SR 1337,SR 1832,NC 226,16.5,,106958945,2022-05-16,30,1,7,1,O,,,,,,,Angle
RURAL,NC 226,0.5,N,SR 1861,US 74BUS,NC 226,13.954,,106826783,2022-01-07,17,1,0,5,O,,,,,,,Animal
RURAL,NC 226,0.066,N,SR 1809,SR 1344,NC 226,17.633,,106773559,2021-11-19,24,1,0,1,A,,,,,,,"Left Turn, Different Roadways"
SHELBY,CHERRYVILLE,0.002,NW,POST,AIRPORT,NC 150,17.951,,106802885,2021-10-26,26,1,,2,O,,,,,,,"Right Turn, Different Roadways"
RURAL,NC 180,0.014,W,SR 2382,SR 2475,NC 180,0.564,,106917091,2022-04-09,19,1,5,1,C,,,,,-21315,,Fixed Object
RURAL,NC 226,0.0,,NC 180,SR 1103,NC 180,5.13,Y,107020677,2022-07-15,24,1,8,1,O,,,,,2793,,"Left Turn, Different Roadways"
RURAL,NC 180,0.0,,SR 1908,NC 18,NC 180,11.137,,106958946,2022-05-16,21,1,7,1,B,,,,,34510,,"Rear End, Slow or Stop"
RURAL,NC 226,0.0,,SR 1337,SR 1832,NC 226,16.5,,107283682,2023-03-23,30,1,7,1,C,,,,,,,Angle
SHELBY,NC 226,0.01,N,RANDOLPH,GROVER,NC 226,13.201,,108056268,2025-03-07,23,1,,1,O,,,,,,,"Left Turn, Same Roadway"
RURAL,NC 180,0.1,S,SR 1236,SR 1104,NC 180,4.108,,107209060,2023-01-08,19,2,0,5,,,,,,-2603,,Fixed Object
RURAL,NC 180,0.038,S,SR 1933,SR 1926,NC 180,10.529,,106714958,2021-09-28,19,1,0,1,B,,,,,31300,,Fixed Object
RURAL,NC 180,0.0,,SR 1908,SR 1939,NC 180,11.137,,107163356,2022-11-29,30,1,7,1,B,,,,,34510,,Angle
RURAL,NC 180,0.13,NW,SR 1908,SR 1925,NC 180,11.267,,107419635,2023-08-06,19,2,0,1,,,,,,35196,,Fixed Object
RURAL,NC 180,0.1,S,SR 2067,SR 2125,NC 180,8.602,,107340052,2023-05-16,17,1,0,5,O,,,,,21125,,Animal
RURAL,NC 180,0.0,,SR 1908,SR 1925,NC 180,11.137,,107357834,2023-06-02,24,1,7,1,B,,,,,34510,,"Left Turn, Different Roadways"
RURAL,NC 180,0.3,N,NC 150,SR 1926,NC 180,9.954,,107059501,2022-08-12,19,1,1,1,O,,,,,28264,,Fixed Object
SHELBY,CHERRYVILLE,0.0,,POST,SPAKE,NC 150,17.953,,108378417,2025-08-28,28,1,10,1,O,,,,,,,"Sideswipe, Same Direction"
RURAL,NC 180,0.5,S,NC 150,SR 2067,NC 180,9.154,,107153866,2022-11-20,17,1,0,5,O,,,,,24040,,Animal
SHELBY,CHERRYVILLE,0.0,,POST,,NC 150,17.953,,108219951,2025-07-08,30,1,12,1,O,,,,,,,Angle
SHELBY,PVA S POST RD,0.019,E,POST,PVA DEAD END,POST,999.999,,108574265,2026-01-16,31,1,0,1,O,,,,,,,Backing Up
RURAL,NC 226,0.14,S,SR 1809,SR 1345,NC 226,17.427,,106762201,2021-11-02,19,1,0,1,O,,,,,,,Fixed Object
RURAL,NC 226,0.038,S,SR 1832,SR 1337,NC 226,16.699,,107344811,2023-05-24,17,1,0,1,O,,,,,,,Animal
RURAL,NC 226,0.0,,SR 1860,SR 1337,NC 226,16.023,,107042047,2022-07-26,26,2,8,1,B,,,,,,,"Right Turn, Different Roadways"
RURAL,NC 226,0.0,,SR 1337,SR 1832,NC 226,16.5,,106938294,2022-04-22,30,1,7,1,B,,,,,,,Angle
RURAL,NC 226,0.066,N,SR 1860,SR 1337,NC 226,16.089,,107185459,2022-12-09,24,1,4,1,B,,,,,,,"Left Turn, Different Roadways"
SHELBY,DIXON,0.0,,POST,DIXON FRONTAGE,US 74,13.868,,108145660,2025-05-28,22,1,0,1,O,,,,,,,"Rear End, Turn"
RURAL,NC 180,0.5,S,NC 150,SR 2067,NC 180,9.154,,106771414,2021-11-15,19,1,0,5,O,,,,,24040,,Fixed Object
RURAL,NC 180,0.017,S,NC 18,NC 150,NC 180,11.941,Y,106781222,2021-11-26,19,1,0,1,O,,,,,38755,,Fixed Object
RURAL,NC 180,0.0,,SR 1908,SR 1925,NC 180,11.137,,106931341,2022-04-22,30,1,7,1,B,,,,,34510,,Angle
RURAL,PVA BRADSHAWS FOOD MART,0.0,,NC 180,DEAD END,,999.999,,106932782,2022-04-23,31,1,0,1,O,,,,,,,Backing Up
RURAL,NC 180,0.038,N,SR 1933,SR 1937,NC 180,10.605,,107295657,2023-04-03,17,1,0,5,O,,,,,31701,,Animal
SHELBY,DIXON,0.0,,POST,SERVICE,US 74,13.868,,107950386,2024-11-15,21,1,7,4,O,,,,,,,"Rear End, Slow or Stop"
SHELBY,POST,0.0,,MARION,,NC 180,7.444,,108298928,2025-10-20,0,1,,1,O,,,,,15011,,
SHELBY,MARION,0.0,,POST,KEMPER,US 74BUS,15.819,,108248930,2025-09-05,21,1,,1,O,,,,,,,"Rear End, Slow or Stop"
RURAL,NC 180,0.028,S,SR 2329,SR 1103,NC 180,4.876,,106738259,2021-10-22,19,1,0,5,C,,,,,1452,,Fixed Object
SHELBY,DIXON,0.0,,POST,KING,US 74,13.868,,107998100,2025-01-04,28,1,,4,O,,,,,,,"Sideswipe, Same Direction"
RURAL,NC 180,0.0,,SR 2202,NC 226,NC 180,5.263,,107411600,2023-07-28,30,1,7,1,O,,,,,3495,,Angle
SHELBY,DIXON,0.019,E,POST,FOXBOROUGH,US 74,13.887,,108031449,2025-02-08,30,1,0,4,O,,,,,,,Angle
SHELBY,NC 226,0.25,N,FANNING,DIXON,NC 226,13.388,,108221652,2025-06-22,21,1,,4,O,,,,,,,"Rear End, Slow or Stop"
RURAL,NC 180,0.3,S,NC 150,SR 2067,NC 180,9.354,,107236099,2023-02-02,21,2,0,1,O,,,,,25096,,"Rear End, Slow or Stop"
SHELBY,DIXON,0.0,,POST,ALLEN,US 74,13.868,,107753865,2024-05-26,21,1,7,1,O,,,,,,,"Rear End, Slow or Stop"
RURAL,NC 180,0.5,S,NC 150,SR 2067,NC 180,9.154,,106960623,2022-05-11,21,1,0,1,O,,,,,24040,,"Rear End, Slow or Stop"
SHELBY,DIXON,0.0,,POST,FRONTAGE,US 74,13.868,,108575909,2026-06-19,21,1,0,1,O,,,,,,,"Rear End, Slow or Stop"
SHELBY,DIXON,0.0,,POST,KING,US 74,13.868,,107196859,2022-12-09,30,2,12,6,O,,,,,,,Angle
RURAL,NC 180,0.19,NW,NC 150,SR 1926,NC 180,9.844,,107224180,2023-01-23,18,1,0,1,O,,,,,27683,,Movable Object
RURAL,NC 226,0.2,N,SR 1808,SR 1343,NC 226,17.767,,106839120,2022-01-19,17,1,0,5,O,,,,,,,Animal
RURAL,NC 226,0.6,S,SR 1337,SR 1860,NC 226,15.9,,106840729,2022-01-23,17,1,0,5,O,,,,,,,Animal
SHELBY,DIXON,0.0,,POST,DIXON FRONTAGE,US 74,13.868,,107667166,2024-03-01,21,1,,1,O,,,,,,,"Rear End, Slow or Stop"
SHELBY,CHERRYVILLE,0.0,,POST,SPAKE,NC 150,17.953,,107802507,2024-07-10,30,1,10,1,O,,,,,,,Angle
RURAL,NC 180,0.6,S,SR 1107,SR 2423,NC 180,1.566,,107341794,2023-05-19,19,1,0,5,O,,,,,-16025,,Fixed Object
SHELBY,CHERRYVILLE,0.019,S,POST,ROLLINGWOOD,NC 150,17.934,,107728433,2024-05-01,21,1,0,1,C,,,,,,,"Rear End, Slow or Stop"
SHELBY,CHERRYVILLE,0.0,,POST,TROY,NC 150,17.953,,107441035,2023-08-03,21,2,0,1,O,,,,,,,"Rear End, Slow or Stop"
SHELBY,CHERRYVILLE,0.0,,POST,DALTON,NC 150,17.953,,108132952,2025-05-14,30,1,10,1,,,,,,,,Angle
RURAL,NC 226,0.0,,NC 180,SR 2202,NC 180,5.13,Y,107214112,2023-01-03,23,1,7,5,O,,,,,2793,,"Left Turn, Same Roadway"
SHELBY,MARION,0.019,W,POST,THREE LAKES,US 74BUS,15.8,,107639836,2024-01-23,30,1,0,1,O,,,,,,,Angle
RURAL,NC 226,0.0,,SR 1832,SR 1811,NC 226,16.737,,107274088,2023-03-14,21,1,0,1,B,,,,,,,"Rear End, Slow or Stop"
SHELBY,ELIZABETH,0.008,W,POST,MARION,SR 2052,1.704,,107546755,2023-11-08,21,1,,1,O,,,,,,,"Rear End, Slow or Stop"
RURAL,NC 180,0.8,S,US 74,SR 1232,NC 180,5.788,,106991235,2022-06-16,18,1,0,1,O,,,,,6267,,Movable Object
RURAL,NC 180,0.0,,SR 1908,SR 1937,NC 180,11.137,,106938310,2022-04-26,30,1,7,1,B,,,,,34510,,Angle
RURAL,NC 180,0.4,N,NC 150,SR 1926,NC 180,10.054,,107328366,2023-05-04,19,1,0,1,O,,,,,28792,,Fixed Object
RURAL,NC 180,0.038,N,NC 150,SR 1926,NC 180,9.692,,107335740,2023-05-10,21,1,0,1,O,,,,,26880,,"Rear End, Slow or Stop"
RURAL,NC 180,0.2,N,NC 150,SR 1926,NC 180,9.854,,107290922,2023-03-30,29,1,0,5,O,,,,,27736,,"Sideswipe, Opposite Direction"
SHELBY,NC 226,0.005,N,US 74,RANDOLPH,NC 226,12.719,Y,107196890,2022-11-22,21,1,0,1,O,,,,,,,"Rear End, Slow or Stop"
RURAL,NC 226,0.2,S,SR 1344,SR 1343,NC 226,999.999,,107214483,2023-01-16,17,1,0,5,O,,,,,,,Animal
SHELBY,CHERRYVILLE,0.0,,POST,,NC 150,17.953,,108589457,2026-08-13,30,2,0,1,O,,,,,,,Angle
SHELBY,DIXON,0.0,,POST,KING,US 74,13.868,,107998074,2025-01-03,29,1,,4,O,,,,,,,"Sideswipe, Opposite Direction"
SHELBY,CHERRYVILLE,0.0,,POST,DALTON,NC 150,17.953,,108129195,2025-05-11,30,2,10,1,,,,,,,,Angle
SHELBY,CHERRYVILLE,0.0,,POST,,NC 150,17.953,,108383541,2026-01-05,21,1,10,1,O,,,,,,,"Rear End, Slow or Stop"
RURAL,NC 226,0.019,S,NC 180,SR 2329,NC 180,5.111,Y,107080310,2022-08-30,24,2,8,2,C,,,,,2693,,"Left Turn, Different Roadways"
RURAL,NC 180,0.019,S,SR 1282,SR 1279,NC 180,3.204,,107243194,2023-02-12,27,1,0,5,C,,,,,-7376,,Head On
SHELBY,DIXON,0.0,,POST,MAGEL,US 74,13.868,,108252307,2025-08-30,21,1,0,1,O,,,,,,,"Rear End, Slow or Stop"
RURAL,NC 226,0.0,,SR 1337,SR 1860,NC 226,16.5,,107057299,2022-08-23,24,1,7,1,O,,,,,,,"Left Turn, Different Roadways"
RURAL,NC 226,0.015,S,SR 1343,SR 1861,NC 226,14.574,Y,107294712,2023-04-01,19,1,0,5,,,,,,,,Fixed Object
SHELBY,NC 226,0.011,S,FANNING,DIXON,NC 226,13.127,,108146176,2025-05-31,30,1,0,1,O,,,,,,,Angle
SHELBY,NC 226,0.0,,HAWKINS,GROVE,NC 226,13.232,,108146241,2025-05-20,21,1,0,1,O,,,,,,,"Rear End, Slow or Stop"
RURAL,NC 226,0.009,S,SR 2329,NC 180,NC 180,4.895,,107318206,2023-04-28,32,1,8,1,C,,,,,1552,,Other Collision With Vehicle
SHELBY,CHERRYVILLE,0.0,,POST,,NC 150,17.953,,108357812,2025-12-11,30,1,10,4,O,,,,,,,Angle
RURAL,NC 180,0.042,N,SR 1979,SR 1908,NC 180,10.771,,106910906,2022-03-31,19,1,0,5,O,,,,,32578,,Fixed Object
RURAL,SR 2202,0.0,,NC 226,NC 180,SR 2202,0.0,,107270322,2023-03-13,24,1,8,5,O,,,,,,,"Left Turn, Different Roadways"
SHELBY,DIXON,0.0,,POST,KING,US 74,13.868,,108118226,2025-04-29,28,1,7,4,O,,,,,,,"Sideswipe, Same Direction"
RURAL,PVA 1319 S POST RD,0.009,E,NC 180,DEAD END,,999.999,,107401189,2023-07-11,20,1,4,1,O,,,,,,,Parked Motor Vehicle
RURAL,NC 180,0.0,,PVA 900 S POST RD,SR 2203,,999.999,,107280990,2023-03-23,26,1,4,3,O,,,,,,,"Right Turn, Different Roadways"
SHELBY,CHERRYVILLE,0.0,,POST,FAIRVIEW,NC 150,17.953,,108241737,2025-09-12,30,1,10,1,O,,,,,,,Angle
SHELBY,CHERRYVILLE,0.019,S,POST,ROLLINGWOOD,NC 150,17.934,,107727301,2024-05-02,21,1,,1,O,,,,,,,"Rear End, Slow or Stop"
SHELBY,CHERRYVILLE,0.0,,POST,SPAKE,NC 150,17.953,,108337436,2025-11-22,3,1,10,1,O,,,,,,,
SHELBY,DIXON,0.0,,POST,MARION,US 74,13.868,,107632339,2024-01-11,21,1,0,1,O,,,,,,,"Rear End, Slow or Stop"
SHELBY,MARION,0.0,,POST,FAIRGROUND,US 74BUS,15.819,,107182065,2022-11-30,30,2,,1,C,,,,,,,Angle
SHELBY,MARION,0.0,,POST,KEMPER,US 74BUS,15.819,,107102815,2022-09-24,28,1,0,4,O,,,,,,,"Sideswipe, Same Direction"
SHELBY,CHERRYVILLE,0.0,,POST,,NC 150,17.953,,107944953,2024-11-25,30,1,10,5,O,,,,,,,Angle
RURAL,NC 180,0.1,S,NC 150,SR 2067,NC 180,9.554,,107317483,2023-04-27,19,2,0,5,B,,,,,26152,,Fixed Object
SHELBY,MARION,0.017,E,POST,DIXON,US 74BUS,15.836,,107228526,2023-01-05,30,1,0,1,C,,,,,,,Angle
RURAL,NC 226,0.1,S,SR 1809,SR 1345,NC 226,17.467,,107115170,2022-10-18,21,1,0,1,C,,,,,,,"Rear End, Slow or Stop"
RURAL,NC 226,0.1,S,SR 1832,SR 1337,NC 226,16.637,,106852538,2022-02-04,19,2,0,1,O,,,,,,,Fixed Object
RURAL,NC 226,0.21,N,SR 1103,NC 180,NC 180,4.811,,106925136,2022-04-17,29,1,0,1,O,,,,,1109,,"Sideswipe, Opposite Direction"
RURAL,NC 226,0.13,N,SR 1861,SR 1446,NC 226,13.584,,106888270,2022-03-11,19,2,0,5,O,,,,,,,Fixed Object
SHELBY,MARION,0.004,W,POST,*LCL 3 LAKES RD ,US 74BUS,15.815,,106736239,2021-09-04,30,1,,1,C,,,,,,,Angle
SHELBY,MARION,0.004,W,POST,KEMPER,US 74BUS,15.815,,107086166,2022-09-09,24,1,0,1,O,,,,,,,"Left Turn, Different Roadways"
RURAL,NC 226,0.2,S,SR 1337,SR 1860,NC 226,16.3,,107016989,2022-07-05,13,1,0,1,O,,,,,,,
RURAL,NC 226,0.0,,SR 1344,SR 1860,NC 226,15.357,Y,107191357,2022-12-21,21,1,7,1,O,,,,,,,"Rear End, Slow or Stop"
SHELBY,CHERRYVILLE,0.0,,POST,DALTON,NC 150,17.953,,108234737,2025-08-07,30,1,10,1,O,,,,,,,Angle
RURAL,NC 226,1.3,N,SR 1344,SR 1337,NC 226,16.657,Y,107332873,2023-05-11,21,1,0,1,O,,,,,,,"Rear End, Slow or Stop"
SHELBY,POST,0.009,S,ELIZABETH CH,MARION,NC 180,7.842,,106888019,2021-12-23,28,1,0,1,O,,,,,17112,,"Sideswipe, Same Direction"
SHELBY,CHERRYVILLE,0.0,,POST,SPAKE,NC 150,17.953,,108312133,2025-10-31,30,1,10,1,,,,,,,,Angle
RURAL,NC 180,0.3,N,SR 2067,NC 150,NC 180,9.002,,107214243,2023-01-13,21,1,0,1,O,,,,,23237,,"Rear End, Slow or Stop"
SHELBY,POST,0.0,,DIXON,KING,NC 180,6.588,,106831976,2021-11-13,30,1,7,4,O,,,,,10491,,Angle
SHELBY,POST,0.0,,DIXON,MAGEL,NC 180,6.588,,106849412,2021-11-26,24,1,,5,O,,,,,10491,,"Left Turn, Different Roadways"
SHELBY,POST,0.1,S,KING,US 74,NC 180,6.708,,106795567,2021-10-22,21,1,0,1,O,,,,,11125,,"Rear End, Slow or Stop"
SHELBY,POST,0.0,,DIXON,MAGEL,NC 180,6.588,,106795587,2021-10-20,21,1,,1,O,,,,,10491,,"Rear End, Slow or Stop"
RURAL,NC 180,0.066,E,NC 18,SR 1924,NC 180,11.892,Y,107238185,2023-01-27,19,1,0,5,O,,,,,38496,,Fixed Object
RURAL,NC 180,0.0,,SR 1908,SR 1926,NC 180,11.137,,107155717,2022-11-18,30,1,7,5,C,,,,,34510,,Angle
RURAL,NC 180,0.0,,SR 2329,SR 1103,NC 180,4.904,,106897650,2022-03-18,21,1,0,1,O,,,,,1600,,"Rear End, Slow or Stop"
SHELBY,NC 226,0.337,S,FANNING,DIXON,NC 226,12.801,,107646509,2024-02-02,21,1,0,1,O,,,,,,,"Rear End, Slow or Stop"
RURAL,NC 180,0.2,N,SR 1920,DEAD END,NC 180,999.999,,106904566,2022-03-28,31,1,4,1,O,,,,,,,Backing Up
RURAL,NC 180,0.25,N,SR 2267,NC 150,NC 180,999.999,,106883833,2022-03-08,17,1,0,1,O,,,,,,,Animal
SHELBY,NC 226,0.009,S,HAWKINS,RANDOLPH,NC 226,13.223,,106931704,2022-03-08,21,1,,1,O,,,,,,,"Rear End, Slow or Stop"
SHELBY,POST,0.019,S,ELIZABETH,ELIZABETH CH,NC 180,7.996,,106964774,2022-04-23,28,1,0,1,O,,,,,17926,,"Sideswipe, Same Direction"
SHELBY,POST,0.1,S,KING,DIXON,NC 180,6.708,,106977838,2022-05-17,21,1,0,1,O,,,,,11125,,"Rear End, Slow or Stop"
SHELBY,CHERRYVILLE,0.0,,POST,SPAKE,NC 150,17.953,,107659986,2024-02-15,21,1,0,1,B,,,,,,,"Rear End, Slow or Stop"
RURAL,NC 180,0.0,,SR 1908,SR 1925,NC 180,11.137,,107269062,2023-03-09,30,1,7,1,B,,,,,34510,,Angle
RURAL,NC 180,0.1,N,SR 2052,SR 2125,NC 180,8.115,,107431396,2023-08-17,28,1,0,1,O,,,,,18554,,"Sideswipe, Same Direction"
SHELBY,NC 226,0.009,N,HAWKINS,WAL MART,NC 226,13.241,,108030241,2025-02-02,28,1,,2,O,,,,,,,"Sideswipe, Same Direction"
RURAL,NC 180,0.29,N,SR 2067,NC 150,NC 180,8.992,,107050140,2022-08-18,19,1,0,1,O,,,,,23184,,Fixed Object
SHELBY,DIXON,0.0,,POST,DIXON FRONTAGE,US 74,13.868,,107567513,2023-11-22,21,1,7,4,O,,,,,,,"Rear End, Slow or Stop"
SHELBY,DIXON,0.0,,POST,BRIAN,US 74,13.868,,107603211,2023-12-04,28,1,7,5,O,,,,,,,"Sideswipe, Same Direction"
SHELBY,DIXON,0.0,,POST,MARION,US 74,13.868,,107199212,2022-11-13,30,1,7,4,C,,,,,,,Angle
SHELBY,CHERRYVILLE,0.0,,POST,DALTON,NC 150,17.953,,107547288,2023-11-09,27,1,7,5,C,,,,,,,Head On
SHELBY,POST,0.0,,DIXON,,NC 180,6.588,,108575444,2026-06-03,17,1,0,1,O,,,,,10491,,Animal
SHELBY,MARION,0.0,,POST,KEMPER,US 74BUS,15.819,,107775036,2024-06-18,24,1,0,1,O,,,,,,,"Left Turn, Different Roadways"
SHELBY,POST,0.02,S,KING,DIXON,NC 180,6.788,,108574791,2026-04-07,23,1,0,1,,,,,,11547,,"Left Turn, Same Roadway"
RURAL,NC 180,0.002,E,NC 226,SR 2201,NC 180,999.999,,107332793,2023-05-09,21,1,8,1,O,,,,,,,"Rear End, Slow or Stop"
SHELBY,MARION,0.0,,POST,KEMPER,US 74BUS,15.819,,108589458,2026-08-13,30,1,0,4,O,,,,,,,Angle
SHELBY,PVA 1801 E DIXON BLVD,0.019,E,POST,PVA DEAD END,,999.999,,106873769,2021-12-17,30,1,,1,O,,,,,,,Angle
RURAL,NC 226,0.1,N,SR 1344,SR 1860,NC 226,15.457,Y,107172724,2022-12-06,17,2,0,5,O,,,,,,,Animal
SHELBY,DIXON,0.0,,POST,MAIN,US 74,13.868,,107655243,2024-02-07,21,1,,1,O,,,,,,,"Rear End, Slow or Stop"
SHELBY,POST,0.057,S,DIXON,MAGEL,NC 180,6.531,,107667126,2024-03-04,30,1,0,1,O,,,,,10190,,Angle
SHELBY,POST,0.0,,KING,,NC 180,6.808,,107063295,2022-08-14,30,1,,1,C,,,,,11653,,Angle
SHELBY,POST,0.0,,DIXON,MAGEL,NC 180,6.588,,107530659,2023-10-23,21,1,7,1,O,,,,,10491,,"Rear End, Slow or Stop"
RURAL,NC 180,0.1,N,SR 1103,NC 226,NC 180,4.701,,107363522,2023-06-07,21,2,0,1,B,,,,,528,,"Rear End, Slow or Stop"
SHELBY,POST,0.0,,DIXON,KING,NC 180,6.588,,107646499,2024-02-03,31,1,0,4,O,,,,,10491,,Backing Up
SHELBY,POST,0.0,,MARION,KING,NC 180,7.444,,107660182,2024-02-20,28,1,12,1,O,,,,,15011,,"Sideswipe, Same Direction"
SHELBY,POST,0.058,N,DIXON,KING,NC 180,6.646,,107009557,2022-06-20,30,1,0,1,C,,,,,10798,,Angle
SHELBY,PVA 1730 E DIXON BLVD,0.0,,POST,DEAD END,,999.999,,107021494,2022-07-05,31,1,,1,O,,,,,,,Backing Up
SHELBY,ELIZABETH,0.0,,POST,WOLFE,SR 2052,1.712,,108575231,2026-05-15,21,1,0,1,O,,,,,,,"Rear End, Slow or Stop"
SHELBY,NC 180,0.0,,JOES LAKE,*LCL PINNACLE XING RD ,NC 180,5.263,,107802513,2024-06-30,30,1,7,1,O,,,,,3495,,Angle
RURAL,NC 180,0.013,S,NC 226,SR 2329,NC 180,5.117,Y,106760461,2021-11-05,19,1,0,1,O,,,,,2724,,Fixed Object
RURAL,SR 1107,0.009,W,NC 180,SR 1128,SR 1107,2.029,,106721126,2021-10-07,19,2,0,1,O,,,,,,,Fixed Object
SHELBY,DIXON,0.0,,POST,ALLEN,US 74,13.868,,106895995,2022-01-10,21,1,,4,C,,,,,,,"Rear End, Slow or Stop"
SHELBY,NC 226,0.0,,SR 1100,SR 1103,NC 226,9.05,,106759646,2021-11-03,26,1,7,5,O,,,,,,,"Right Turn, Different Roadways"
RURAL,NC 180,0.1,S,NC 226,SR 2329,NC 180,5.03,Y,106690232,2021-09-09,21,1,0,1,O,,,,,2265,,"Rear End, Slow or Stop"
RURAL,NC 150,0.019,E,NC 180,SR 2068,NC 150,17.972,,106743615,2021-10-27,21,1,0,1,O,,,,,,,"Rear End, Slow or Stop"
RURAL,NC 180,0.3,S,SR 2200,SR 2202,NC 180,5.707,,106748532,2021-10-28,21,2,0,1,O,,,,,5840,,"Rear End, Slow or Stop"
RURAL,NC 180,0.0,,NC 18,SR 1908,NC 180,11.958,Y,107248693,2023-02-13,21,1,8,1,O,,,,,38845,,"Rear End, Slow or Stop"
RURAL,NC 180,0.35,S,NC 150,SR 2067,NC 180,9.304,,107118994,2022-10-19,21,1,0,1,C,,,,,24832,,"Rear End, Slow or Stop"
RURAL,NC 18,0.0,,NC 180,SR 2220,NC 18,2.187,Y,106722544,2021-10-08,24,1,7,5,O,,,,,,,"Left Turn, Different Roadways"
RURAL,NC 226,0.08,SE,SR 2402,SR 2202,NC 226,8.297,,106719355,2021-10-06,19,2,0,5,,,,,,,,Fixed Object
SHELBY,US 74,0.019,W,NC 180,SR 1213,US 74,13.849,,107304445,2023-04-15,21,1,0,1,O,,,,,,,"Rear End, Slow or Stop"
RURAL,SR 1103,0.5,W,SR 2238,SR 2201,SR 1103,0.5,,106948040,2022-05-07,19,1,0,5,A,,,,,-16600,,Fixed Object
RURAL,NC 180,0.0,,SR 2425,SR 2423,NC 180,0.819,,106907787,2022-03-31,24,1,8,1,A,,,,,-19969,,"Left Turn, Different Roadways"
RURAL,SR 1103,1.0,E,SR 2208,SR 2238,SR 1103,1.675,,106714357,2021-10-01,19,1,0,1,B,,,,,-10396,,Fixed Object
RURAL,NC 226,0.1,N,SR 2403,SR 1100,NC 226,8.678,,107257644,2023-02-27,17,1,0,5,O,,,,,,,Animal
RURAL,NC 180,0.0,,SR 2200,SR 2202,NC 180,6.007,,106789555,2021-11-29,24,1,7,5,C,,,,,7424,,"Left Turn, Different Roadways"
SHELBY,DIXON,0.0,,POST,DUKE,US 74,13.868,,106778417,2021-10-03,21,1,0,1,O,,,,,,,"Rear End, Slow or Stop"
RURAL,NC 226,0.1,S,SR 2202,SR 2403,NC 226,7.768,,106785133,2021-11-29,17,1,0,1,O,,,,,,,Animal
RURAL,NC 180,0.1,N,SR 2200,US 74,NC 180,6.107,,106776058,2021-11-19,28,1,0,1,O,,,,,7952,,"Sideswipe, Same Direction"
RURAL,SR 1103,0.5,E,NC 180,SR 2205,SR 1103,3.144,,106738064,2021-10-21,17,1,0,5,O,,,,,-2640,,Animal
SHELBY,DIXON,0.0,,POST,MARION,US 74,13.868,,106795948,2021-10-24,21,1,,1,O,,,,,,,"Rear End, Slow or Stop"
SHELBY,DIXON,0.0,,POST,MAIN,US 74,13.868,,107654805,2024-02-08,21,1,7,1,O,,,,,,,"Rear End, Slow or Stop"
RURAL,NC 180,0.0,,SR 2205,NC 226,NC 180,3.73,,106738063,2021-10-21,21,1,8,5,O,,,,,-4599,,"Rear End, Slow or Stop"
SHELBY,DIXON,0.0,,POST,MAIN,US 74,13.868,,107654774,2024-02-13,21,1,0,1,O,,,,,,,"Rear End, Slow or Stop"
SHELBY,PVA 122 S POST RD,0.023,W,POST,PVA DEADEND,,999.999,,106820793,2021-11-02,19,1,,4,,,,,,,,Fixed Object
SHELBY,US 74,0.0,,NC 180,SR 1213,US 74,13.868,,106782505,2021-11-26,30,1,7,4,C,,,,,,,Angle
SHELBY,DIXON,0.028,E,POST,ALLEN,US 74,13.896,,107209218,2022-12-17,28,1,0,1,O,,,,,,,"Sideswipe, Same Direction"
RURAL,NC 226,0.057,S,SR 2202,SR 1103,NC 226,7.811,,106833211,2022-01-11,19,1,0,5,B,,,,,,,Fixed Object
RURAL,SR 1100,0.028,S,SR 1103,SR 1102,SR 1100,0.998,,106860498,2022-02-12,17,1,0,1,O,,,,,,,Animal
RURAL,NC 18,0.0,,NC 180,SR 1140,NC 18,2.187,Y,106833477,2022-01-14,30,1,7,1,O,,,,,,,Angle
SHELBY,PVA 200 S POST RD,0.005,E,POST,KING,,999.999,,106895523,2022-01-15,28,1,0,1,O,,,,,,,"Sideswipe, Same Direction"
SHELBY,DIXON,0.0,,POST,POST,US 74,13.868,,106914815,2022-02-11,21,1,,2,O,,,,,,,"Rear End, Slow or Stop"
SHELBY,US 74,0.0,,POST,DUKE,US 74,13.868,,106910420,2022-02-04,27,2,,4,O,,,,,,,Head On
RURAL,NC 180,0.0,,NC 226,SR 2202,NC 180,5.13,Y,106943130,2022-05-02,21,1,9,1,O,,,,,2793,,"Rear End, Slow or Stop"
SHELBY,DIXON,0.0,,POST,COUNTY HOME,US 74,13.868,,106910373,2022-01-30,21,1,,1,O,,,,,,,"Rear End, Slow or Stop"
SHELBY,DIXON,0.0,,POST,FOXBOROUGH,US 74,13.868,,106895385,2022-01-18,30,2,7,4,C,,,,,,,Angle
SHELBY,US 74,0.0,,POST,MARION,US 74,13.868,,106868335,2021-12-12,28,1,,1,O,,,,,,,"Sideswipe, Same Direction"
SHELBY,DIXON,0.014,W,POST,KING,US 74,13.854,,106868258,2021-12-08,21,1,,1,O,,,,,,,"Rear End, Slow or Stop"
RURAL,NC 180,0.002,S,SR 2202,NC 226,NC 180,5.261,,106826550,2022-01-03,19,2,0,3,O,,,,,3485,,Fixed Object
RURAL,PVA BIVINS DIESEL,0.028,W,NC 180,PVA DEAD END,,999.999,,106826729,2021-12-29,20,1,4,1,O,,,,,,,Parked Motor Vehicle
RURAL,PVA BRADSHAWS FOOD MART,0.022,E,NC 226,NC 180,,999.999,,106843811,2022-01-25,31,1,0,1,O,,,,,,,Backing Up
SHELBY,DIXON,0.019,E,POST,MARION,US 74,13.887,,106875210,2021-12-20,21,1,,1,O,,,,,,,"Rear End, Slow or Stop"
RURAL,NC 180,0.0,S,SR 2202,NC 226,NC 180,5.263,,106839030,2022-01-14,30,1,7,5,O,,,,,3495,,Angle
RURAL,NC 226,0.0,,SR 2402,SR 2202,NC 226,8.377,,106827638,2022-01-05,23,1,7,1,O,,,,,,,"Left Turn, Same Roadway"
SHELBY,DIXON,0.0,,POST,,US 74,13.868,,106828149,2021-12-17,31,2,,1,O,,,,,,,Backing Up
SHELBY,PVA 122 S POST RD,0.019,W,POST,PVA DEAD END,,999.999,,106849399,2021-11-27,21,1,,1,,,,,,,,"Rear End, Slow or Stop"
SHELBY,DIXON,0.009,W,POST,COUNTY HOME,US 74,13.859,,106849421,2021-11-30,21,1,,1,O,,,,,,,"Rear End, Slow or Stop"
SHELBY,NC 226,0.01,S,GROVER,RANDOLPH,NC 226,13.444,,107775034,2024-06-19,28,1,,1,O,,,,,,,"Sideswipe, Same Direction"
RURAL,NC 180,0.1,S,SR 2200,SR 2202,NC 180,5.907,,106852052,2022-01-31,13,1,5,5,K,,,,,6896,,
SHELBY,DIXON,0.0,W,POST,EARL,US 74,13.868,,106884623,2022-02-28,21,1,0,1,O,,,,,,,"Rear End, Slow or Stop"
SHELBY,DIXON,0.0,,POST,MARION,US 74,13.868,,106931720,2022-03-09,30,3,12,5,C,,,,,,,Angle
RURAL,NC 18,0.0,,NC 180,SR 1337,NC 18,13.22,Y,106939939,2022-04-29,30,1,8,1,O,,,,,,,Angle
SHELBY,CHERRYVILLE,0.0,,POST,DALTON,NC 150,17.953,,108013429,2025-01-09,30,1,10,3,O,,,,,,,Angle
SHELBY,DIXON,0.009,W,POST,MAIN,US 74,13.859,,106931711,2022-03-09,28,1,8,1,O,,,,,,,"Sideswipe, Same Direction"
SHELBY,DIXON,0.019,E,POST,ALLEN,US 74,13.887,,106923973,2022-02-21,21,1,0,4,O,,,,,,,"Rear End, Slow or Stop"
SHELBY,MARION,0.0,,POST,THREE LAKES,US 74BUS,15.819,,108337540,2025-11-26,23,1,0,4,C,,,,,,,"Left Turn, Same Roadway"
RURAL,PVA 1302 S POST RD,0.005,W,NC 226,DEAD END,,999.999,,106961037,2022-05-18,19,1,4,4,O,,,,,,,Fixed Object
SHELBY,DIXON,0.0,W,POST,COUNTY HOME,US 74,13.868,,106949863,2022-04-09,21,1,0,1,O,,,,,,,"Rear End, Slow or Stop"
RURAL,NC 226,0.041,S,SR 2202,NC 180,NC 226,7.827,,106966569,2022-05-23,19,2,0,5,O,,,,,,,Fixed Object
SHELBY,DIXON,0.0,,POST,COUNTY HOME,US 74,13.868,,106956423,2022-04-22,30,1,7,4,B,,,,,,,Angle
RURAL,SR 1100,0.008,S,NC 226,SR 1103,SR 1100,0.008,,106957499,2022-05-15,29,1,0,5,C,,,,,,,"Sideswipe, Opposite Direction"
RURAL,NC 180,0.095,N,NC 226,SR 2202,NC 180,5.225,Y,107266359,2023-03-09,21,1,0,1,C,,,,,3295,,"Rear End, Slow or Stop"
SHELBY,PVA 137 S POST RD,0.005,,POST,MARION,,999.999,,106977760,2022-05-02,19,1,0,1,O,,,,,,,Fixed Object
RURAL,SR 1337,0.0,,NC 226,SR 1836,SR 1337,8.028,,106948321,2022-05-04,28,1,8,1,O,,,,,,,"Sideswipe, Same Direction"
RURAL,NC 180,0.0,,SR 2202,NC 226,NC 180,5.263,,106989275,2022-06-15,30,1,7,1,O,,,,,3495,,Angle
SHELBY,PVA 1801 E DIXON BLVD,0.019,E,POST,ALLEN,,999.999,,107019905,2022-07-02,30,1,0,1,O,,,,,,,Angle
RURAL,NC 180,0.0,,SR 2200,NC 226,NC 180,6.007,,106946173,2022-05-04,30,1,7,1,O,,,,,7424,,Angle
RURAL,NC 180,0.4,N,SR 2202,SR 2200,NC 180,5.663,,107105618,2022-10-08,19,1,0,1,O,,,,,5607,,Fixed Object
RURAL,PVA 1446 S POST RD,0.009,W,NC 226,DEAD END,,999.999,,106997692,2022-06-21,31,1,4,1,O,,,,,,,Backing Up
RURAL,NC 180,0.0,,SR 2202,NC 226,NC 180,5.263,,107106859,2022-10-10,31,1,7,1,O,,,,,3495,,Backing Up
RURAL,NC 18,0.0,,NC 180,SR 1337,NC 18,13.22,Y,107014359,2022-07-11,24,1,8,1,C,,,,,,,"Left Turn, Different Roadways"
RURAL,NC 180,0.4,N,SR 2202,SR 1232,NC 180,5.663,,107027676,2022-07-25,29,1,0,1,C,,,,,5607,,"Sideswipe, Opposite Direction"
SHELBY,DIXON,0.0,,POST,DUKE,US 74,13.868,,107042376,2022-07-23,21,1,,1,O,,,,,,,"Rear End, Slow or Stop"
RURAL,NC 180,0.0,,SR 2202,SR 2200,NC 180,5.263,,107096648,2022-09-29,30,1,7,1,O,,,,,3495,,Angle
RURAL,SR 1103,1.1,W,SR 2238,SR 2439,SR 1103,1.1,,107110902,2022-10-13,19,1,0,1,O,,,,,-13432,,Fixed Object
RURAL,SR 1103,0.17,W,SR 2238,SR 2380,SR 1103,0.17,,106981702,2022-06-03,19,2,0,1,O,,,,,-18343,,Fixed Object
RURAL,PVA BRADSHAWS FOOD MART,0.022,W,NC 180,DEAD END,,999.999,,107002011,2022-06-25,31,1,0,4,O,,,,,,,Backing Up
RURAL,NC 226,0.066,S,SR 2202,SR 2329,NC 226,7.802,,107006455,2022-07-02,26,1,9,5,C,,,,,,,"Right Turn, Different Roadways"
RURAL,NC 18,0.0,,NC 180,SR 1337,NC 18,13.22,Y,107064516,2022-08-25,23,1,8,1,O,,,,,,,"Left Turn, Same Roadway"
SHELBY,DIXON,0.0,,POST,KING,US 74,13.868,,107063310,2022-08-13,29,1,12,5,O,,,,,,,"Sideswipe, Opposite Direction"
RURAL,NC 226,0.0,,SR 2403,SR 2402,NC 226,8.578,,107018861,2022-07-17,27,1,0,1,C,,,,,,,Head On
RURAL,NC 18,0.0,,NC 180,SR 1337,NC 18,13.22,Y,107060996,2022-08-29,30,1,8,1,O,,,,,,,Angle
SHELBY,DIXON,0.0,E,POST,MARION,US 74,13.868,,107129158,2022-10-13,30,1,0,1,O,,,,,,,Angle
RURAL,NC 180,0.4,N,SR 2202,SR 1232,NC 180,5.663,,107126124,2022-10-27,19,1,0,5,C,,,,,5607,,Fixed Object
RURAL,NC 180,0.0,,SR 2202,SR 2327,NC 180,5.263,,107121120,2022-10-19,30,1,7,1,O,,,,,3495,,Angle
SHELBY,PVA 1750 E DIXON BLVD,0.027,W,POST,DEAD END,,999.999,,107130248,2022-10-12,30,2,0,1,C,,,,,,,Angle
RURAL,SR 1103,0.0,,SR 1100,NC 180,SR 1103,4.625,,107121148,2022-10-22,24,1,8,5,B,,,,,5180,,"Left Turn, Different Roadways"
RURAL,NC 180,0.0,,SR 2202,SR 2200,NC 180,5.263,,107059573,2022-08-27,30,1,7,1,B,,,,,3495,,Angle
SHELBY,DIXON,0.002,W,POST,COUNTY HOME,US 74,13.866,,107120733,2022-10-01,22,1,0,1,O,,,,,,,"Rear End, Turn"
RURAL,SR 1100,0.009,S,NC 226,SR 2339,SR 1100,0.009,,107080653,2022-09-11,26,1,7,1,O,,,,,,,"Right Turn, Different Roadways"
RURAL,SR 2238,0.0,,SR 1103,SR 2243,SR 2238,4.834,,107094148,2022-09-26,24,1,8,1,O,,,,,,,"Left Turn, Different Roadways"
SHELBY,DIXON,0.0,,POST,COUNTY HOME,US 74,13.868,,107454010,2023-08-14,21,1,0,1,O,,,,,,,"Rear End, Slow or Stop"
RURAL,NC 180,0.0,,NC 226,SR 2329,NC 180,5.13,Y,107080771,2022-09-12,21,1,8,1,O,,,,,2793,,"Rear End, Slow or Stop"
SHELBY,KING,0.0,,POST,KING,SR 2049,0.0,,107199156,2022-11-15,21,2,12,1,O,,,,,,,"Rear End, Slow or Stop"
RURAL,NC 226,0.1,S,SR 1860,SR 1344,NC 226,15.923,,107053446,2022-08-22,17,1,0,5,O,,,,,,,Animal
SHELBY,DIXON,0.0,E,POST,DUKE,US 74,13.868,,107161078,2022-10-26,21,1,0,1,O,,,,,,,"Rear End, Slow or Stop"
RURAL,NC 180,0.0,,NC 226,SR 1103,NC 180,5.13,Y,107157213,2022-11-19,24,1,8,1,B,,,,,2793,,"Left Turn, Different Roadways"
RURAL,NC 180,0.1,N,SR 2202,SR 2200,NC 180,5.363,,107160726,2022-11-22,21,1,0,1,O,,,,,4023,,"Rear End, Slow or Stop"
RURAL,PVA 1707 N POST RD,0.015,W,NC 180,DEAD END,,999.999,,107120982,2022-10-21,19,1,0,1,O,,,,,,,Fixed Object
RURAL,SR 1103,0.8,W,SR 2238,SR 2201,SR 1103,0.8,,107200655,2022-12-30,5,2,0,5,O,,,,,-15016,,
SHELBY,PVA 208 S POST RD,0.005,W,POST,DIXON,,999.999,,107201143,2022-12-12,32,1,,1,O,,,,,,,Other Collision With Vehicle
SHELBY,CHERRYVILLE,0.0,,POST,TROY,NC 150,17.953,,108252313,2025-09-02,30,1,10,1,O,,,,,,,Angle
RURAL,NC 226,0.0,,SR 2202,SR 2427,NC 226,7.868,,107191089,2022-12-09,24,1,9,1,B,,,,,,,"Left Turn, Different Roadways"
SHELBY,DIXON,0.0,E,POST,DIXON FRONTAGE,US 74,13.868,,108067234,2025-03-19,23,1,,3,O,,,,,,,"Left Turn, Same Roadway"
RURAL,NC 180,0.1,S,SR 1985,SR 1925,NC 180,11.681,,107295183,2023-04-07,19,1,0,5,B,,,,,37382,,Fixed Object
SHELBY,PVA 1800 E DIXON BLVD,0.019,E,POST,KING,,999.999,,107189373,2022-12-06,30,2,0,1,O,,,,,,,Angle
RURAL,NC 180,0.6,N,SR 2202,SR 2000,NC 180,5.863,,107232690,2023-01-25,19,2,0,1,O,,,,,6663,,Fixed Object
RURAL,NC 180,0.1,S,NC 226,SR 2329,NC 180,5.03,Y,107192099,2022-12-23,18,1,0,1,O,,,,,2265,,Movable Object
SHELBY,DIXON,0.0,,POST,EARL,US 74,13.868,,107229045,2023-01-16,30,1,0,4,O,,,,,,,Angle
RURAL,SR 2202,0.0,,NC 180,SR 2327,SR 2202,0.109,,107281893,2023-03-21,30,1,7,1,O,,,,,,,Angle
SHELBY,MARION,0.0,,POST,KEMPER,US 74BUS,15.819,,106849419,2021-11-24,28,1,,1,O,,,,,,,"Sideswipe, Same Direction"
RURAL,PVA DIXIE TIRE AND DIESEL,0.01,E,NC 226,DEAD END,,999.999,,107234739,2023-02-03,20,2,4,1,O,,,,,,,Parked Motor Vehicle
SHELBY,MARION,0.003,W,POST,POST,US 74BUS,15.816,,107232068,2023-01-18,21,1,0,1,C,,,,,,,"Rear End, Slow or Stop"
SHELBY,DIXON,0.003,W,POST,POST,US 74,13.865,,107242448,2023-01-02,21,2,0,1,O,,,,,,,"Rear End, Slow or Stop"
SHELBY,MARION,0.0,,POST,KEMPER,US 74BUS,15.819,,107027297,2022-07-11,30,2,,4,O,,,,,,,Angle
SHELBY,CHERRYVILLE,0.0,,POST,,NC 150,17.953,,108256420,2025-09-12,30,1,7,1,C,,,,,,,Angle
RURAL,NC 180,0.38,N,SR 2202,SR 1232,NC 180,5.643,,107261097,2023-02-28,26,1,4,1,O,,,,,5502,,"Right Turn, Different Roadways"
SHELBY,POST,0.0,,DIXON,COUNTY HOME,NC 180,6.588,,107196907,2022-11-22,21,1,0,1,O,,,,,10491,,"Rear End, Slow or Stop"
SHELBY,DIXON,0.0,E,POST,MARION,US 74,13.868,,107245388,2022-12-29,29,1,0,1,O,,,,,,,"Sideswipe, Opposite Direction"
RURAL,SR 2200,0.0,,NC 180,SR 1232,SR 2200,0.0,,107225060,2023-01-19,21,2,7,3,O,,,,,,,"Rear End, Slow or Stop"
SHELBY,DIXON,0.003,E,POST,POST,US 74,13.871,,107229584,2023-01-19,21,2,,1,C,,,,,,,"Rear End, Slow or Stop"
SHELBY,PVA 1730 E DIXON BLVD,0.002,W,PVA S POST RD,POST,,999.999,,107229625,2023-01-13,31,1,0,1,O,,,,,,,Backing Up
RURAL,SR 1103,0.7,E,SR 2201,SR 2238,SR 1103,1.274,,107198775,2022-12-31,19,2,0,1,O,,,,,-12514,,Fixed Object
SHELBY,SR 1100,0.0,,NC 226,SR 2505,SR 1100,0.0,,107353567,2023-05-23,26,1,7,1,O,,,,,,,"Right Turn, Different Roadways"
RURAL,PVA PADGETT'S AMOCO GAS,0.008,NE,NC 226,SR 1809,,999.999,,107429329,2023-08-16,19,1,4,1,O,,,,,,,Fixed Object
SHELBY,CHERRYVILLE,0.0,,POST,DALTON,NC 150,17.953,,108145344,2025-05-23,30,1,10,1,,,,,,,,Angle
RURAL,PVA DOLLAR GENERAL,0.013,S,SR 1103,PVA DEAD END,,999.999,,107380879,2023-06-26,19,1,4,1,O,,,,,,,Fixed Object
RURAL,NC 180,0.0,S,NC 226,SR 2329,NC 180,5.13,Y,107386005,2023-06-28,24,1,9,1,O,,,,,2793,,"Left Turn, Different Roadways"
RURAL,PVA 1319 SOUTH POST RD,0.007,E,NC 180,DEAD END,,999.999,,107380869,2023-06-26,19,1,4,1,O,,,,,,,Fixed Object
SHELBY,DIXON,0.0,,POST,,US 74,13.868,,107440965,2023-07-29,21,1,7,1,O,,,,,,,"Rear End, Slow or Stop"
SHELBY,PVA 1800 E DIXON BLVD,0.019,E,POST,PVA DEAD END,,999.999,,107440046,2023-08-12,20,1,,1,O,,,,,,,Parked Motor Vehicle
SHELBY,DIXON,0.0,,POST,BRIAN,US 74,13.868,,107455603,2023-08-23,21,1,0,1,O,,,,,,,"Rear End, Slow or Stop"
RURAL,PVA 2736 POLKVILLE RD,0.027,E,NC 226,DEAD END,,999.999,,107431239,2023-08-12,20,1,4,1,O,,,,,,,Parked Motor Vehicle
SHELBY,DIXON,0.017,E,POST,FOXBOROUGH,US 74,13.885,,107199117,2022-11-27,30,1,0,4,B,,,,,,,Angle
RURAL,NC 180,0.014,N,SR 2200,US 74,NC 180,6.021,,107373065,2023-06-21,19,2,0,1,O,,,,,7498,,Fixed Object
SHELBY,DIXON,0.0,,POST,POST,US 74,13.868,,107402678,2023-07-10,21,1,0,1,O,,,,,,,"Rear End, Slow or Stop"
RURAL,NC 180,0.0,,NC 226,SR 2202,NC 180,5.13,Y,107363977,2023-06-07,21,1,8,1,O,,,,,2793,,"Rear End, Slow or Stop"
SHELBY,DIXON,0.0,,POST,MARION,US 74,13.868,,107489779,2023-09-15,21,1,,1,C,,,,,,,"Rear End, Slow or Stop"
SHELBY,PVA 1800 E DIXON BLVD,0.028,E,POST,FOXBOROUGH,,999.999,,107489782,2023-09-18,30,1,,1,O,,,,,,,Angle
SHELBY,POST,0.1,S,CHERRYVILLE,FAIRVIEW,NC 180,9.554,,108574388,2026-02-12,21,1,0,1,O,,,,,26152,,"Rear End, Slow or Stop"
RURAL,NC 226,0.1,N,SR 1860,SR 1337,NC 226,16.123,,107564210,2023-12-06,30,1,4,5,C,,,,,,,Angle
RURAL,NC 180,0.0,,SR 2202,NC 226,NC 180,5.263,,107527516,2023-11-03,30,1,7,5,B,,,,,3495,,Angle
RURAL,SR 1103,0.1,E,SR 2384,NC 180,SR 1103,3.878,,107415777,2023-07-23,19,1,5,1,,,,,,1236,,Fixed Object
RURAL,NC 180,0.019,E,NC 226,SR 2202,NC 180,5.149,Y,107405289,2023-07-21,21,1,0,1,O,,,,,2893,,"Rear End, Slow or Stop"
SHELBY,KING,0.0,,POST,KING,SR 2049,0.0,,107468588,2023-08-30,30,1,0,1,O,,,,,,,Angle
RURAL,NC 180,0.0,,SR 2202,SR 2200,NC 180,5.263,,107368445,2023-06-16,30,1,7,1,B,,,,,3495,,Angle
SHELBY,DIXON,0.0,,POST,MARION,US 74,13.868,,107517039,2023-10-14,28,1,0,1,C,,,,,,,"Sideswipe, Same Direction"
SHELBY,DIXON,0.0,,POST,KING,US 74,13.868,,107623280,2023-12-22,21,1,0,1,O,,,,,,,"Rear End, Slow or Stop"
RURAL,SR 1103,0.2,W,SR 2238,SR 2380,SR 1103,0.2,,107367411,2023-06-11,19,1,0,1,B,,,,,-18184,,Fixed Object
SHELBY,SERVICE,0.001,W,POST,MAIN,,999.999,,106941673,2022-03-29,30,1,7,1,C,,,,,,,Angle
SHELBY,DIXON,0.0,,POST,COUNTY HOME,US 74,13.868,,107517041,2023-10-10,30,1,0,2,O,,,,,,,Angle
SHELBY,CHERRYVILLE,0.0,,POST,DALTON,NC 150,17.953,,107196840,2022-12-10,21,1,0,1,O,,,,,,,"Rear End, Slow or Stop"
SHELBY,PVA 1800 E DIXON BLVD,0.019,E,POST,FOXBOROUGH,,999.999,,107885025,2024-09-08,30,1,0,1,O,,,,,,,Angle
SHELBY,MARION,0.0,,POST,THREE LAKES,US 74BUS,15.819,,107634468,2024-01-15,31,1,0,1,O,,,,,,,Backing Up
SHELBY,POST,0.0,,CHERRYVILLE,AIRPORT,NC 180,9.654,,108574509,2026-03-05,21,1,10,1,O,,,,,26680,,"Rear End, Slow or Stop"
RURAL,NC 226,0.1,N,NC 180,SR 2202,NC 226,7.805,Y,107444832,2023-08-22,19,1,8,5,O,,,,,,,Fixed Object
SHELBY,PVA 400 N POST RD,0.003,SW,POST,ELIZABETH,,999.999,,107627850,2024-01-08,31,1,,1,O,,,,,,,Backing Up
SHELBY,MARION,0.0,,POST,THREE LAKES,US 74BUS,15.819,,107634439,2024-01-19,30,1,12,1,O,,,,,,,Angle
RURAL,NC 180,0.8,N,NC 150,SR 1908,NC 180,10.454,,107142430,2022-11-09,21,1,0,1,O,,,,,30904,,"Rear End, Slow or Stop"
RURAL,PVA CHALLENGER 3,0.009,E,NC 180,PVA DEAD END,,999.999,,107555911,2023-12-04,19,1,4,5,O,,,,,,,Fixed Object
SHELBY,DIXON,0.0,,POST,MAIN,US 74,13.868,,107646531,2024-01-29,21,1,0,2,O,,,,,,,"Rear End, Slow or Stop"
SHELBY,DIXON,0.019,W,POST,MAIN,US 74,13.849,,107704993,2024-04-11,28,2,,1,O,,,,,,,"Sideswipe, Same Direction"
SHELBY,PVA S POST RD,0.12,,GARRETT,*UNK E MARION ST ,NC 180,6.971,Y,108574722,2026-03-31,25,1,4,1,O,,,,,12514,,"Right Turn, Same Roadway"
SHELBY,PVA 1800 E DIXON BLVD,0.004,E,POST,PVA DEAD END,,999.999,,107646505,2024-02-03,30,1,,1,O,,,,,,,Angle
SHELBY,NC 226,0.5,S,FANNING,DIXON,US 74 WB COUPLET,15.652,,108043856,2025-02-28,21,1,,1,O,,,,,,,"Rear End, Slow or Stop"
SHELBY,DIXON,0.019,W,POST,DIXON FRONTAGE,US 74,13.849,,107802517,2024-06-30,28,2,0,1,C,,,,,,,"Sideswipe, Same Direction"
SHELBY,DIXON,0.0,,POST,DIXON FRONTAGE,US 74,13.868,,107621489,2024-01-30,18,1,,4,O,,,,,,,Movable Object
SHELBY,DIXON,0.0,,POST,MARION,US 74,13.868,,107643125,2024-02-15,30,1,0,1,O,,,,,,,Angle
RURAL,NC 180,1.0,N,SR 1103,SR 2202,NC 180,5.601,,107110305,2022-10-13,21,1,0,1,O,,,,,5280,,"Rear End, Slow or Stop"
SHELBY,DIXON,0.0,,POST,MAIN,US 74,13.868,,107775004,2024-06-12,21,1,0,1,O,,,,,,,"Rear End, Slow or Stop"
SHELBY,DIXON,0.0,,POST,DIXON FRONTAGE,US 74,13.868,,107775220,2024-06-26,21,1,0,1,C,,,,,,,"Rear End, Slow or Stop"
SHELBY,DIXON,0.0,,POST,DIXON FRONTAGE,US 74,13.868,,107853924,2024-09-01,21,1,7,4,O,,,,,,,"Rear End, Slow or Stop"
SHELBY,DIXON,0.0,,POST,KING,US 74,13.868,,107667142,2024-03-01,21,2,,4,O,,,,,,,"Rear End, Slow or Stop"
SHELBY,MARION,0.002,E,POST,KEMPER,US 74BUS,15.821,,107853934,2024-08-29,21,1,0,1,O,,,,,,,"Rear End, Slow or Stop"
SHELBY,MARION,0.009,N,POST,THREE LAKES,US 74BUS,15.81,,107667169,2024-02-28,17,1,0,5,O,,,,,,,Animal
SHELBY,DIXON,0.0,W,POST,EARL,US 74,13.868,,108363270,2025-12-15,25,1,0,1,,,,,,,,"Right Turn, Same Roadway"
SHELBY,POST,0.0,,DIXON,,NC 180,6.588,,108574804,2026-04-14,28,1,12,1,O,,,,,10491,,"Sideswipe, Same Direction"
SHELBY,POST,0.0,,KING,,NC 180,6.808,,108574814,2026-04-27,30,1,8,1,C,,,,,11653,,Angle
SHELBY,POST,0.038,N,POST,FAIRGROUND,POST,999.999,,108574404,2026-02-12,28,1,0,1,O,,,,,,,"Sideswipe, Same Direction"
SHELBY,POST,0.0,,CORVAIR,FIELDS,NC 180,8.417,,107483401,2023-09-11,21,1,0,1,O,,,,,20148,,"Rear End, Slow or Stop"
SHELBY,POST,0.009,N,CORVAIR,LOWMAN,NC 180,8.426,,108146242,2025-05-20,29,1,0,1,,,,,,20196,,"Sideswipe, Opposite Direction"
SHELBY,POST,0.047,S,KING,DIXON,NC 180,6.761,,107189125,2022-12-11,30,1,0,2,O,,,,,11405,,Angle
SHELBY,POST,0.019,S,MARION,KING,NC 180,7.425,,108574796,2026-04-14,2,1,0,4,C,,,,,14911,,
SHELBY,DIXON,0.0,,POST,EARL,US 74,13.868,,108574411,2026-02-09,21,1,0,1,,,,,,,,"Rear End, Slow or Stop"
SHELBY,POST,0.0,,KING,KING,NC 180,6.808,,108574439,2026-02-26,17,2,0,1,O,,,,,11653,,Animal
SHELBY,DIXON,0.0,,POST,DIXON FRONTAGE,US 74,13.868,,108574448,2026-02-26,21,2,0,4,O,,,,,,,"Rear End, Slow or Stop"
SHELBY,POST,0.0,,DIXON,MAGEL,NC 180,6.588,,108574517,2026-03-09,30,1,0,4,C,,,,,10491,,Angle
SHELBY,DIXON,0.0,,POST,MARION,US 74,13.868,,108249798,2025-09-09,21,1,0,1,O,,,,,,,"Rear End, Slow or Stop"
SHELBY,PVA 400 N POST RD,0.004,E,POST,PVA DEAD END,,999.999,,107946046,2024-11-25,19,1,,1,,,,,,,,Fixed Object
SHELBY,DIXON,0.0,,POST,DIXON,US 74,13.868,,107975197,2024-12-03,31,1,,1,O,,,,,,,Backing Up
SHELBY,NC 226,0.076,N,RANDOLPH,GROVER,NC 226,13.267,,107982105,2024-12-10,21,3,,2,O,,,,,,,"Rear End, Slow or Stop"
SHELBY,DIXON,0.0,,POST,,US 74,13.868,,107963189,2024-11-23,21,1,,1,O,,,,,,,"Rear End, Slow or Stop"
SHELBY,DIXON,0.0,,POST,,US 74,13.868,,107971292,2024-12-02,21,1,,1,O,,,,,,,"Rear End, Slow or Stop"
SHELBY,NC 226,0.01,S,FANNING,DIXON,NC 226,13.128,,108118402,2025-04-05,30,1,0,4,C,,,,,,,Angle
SHELBY,NC 226,1.0,S,DESTINY,GROVER,NC 226,13.47,,106941648,2022-03-23,21,2,,3,O,,,,,,,"Rear End, Slow or Stop"
SHELBY,PVA 231 E DIXON BLVD,0.019,E,POST,EARL,,999.999,,107836776,2024-08-06,21,1,0,1,O,,,,,,,"Rear End, Slow or Stop"
SHELBY,MARION,0.0,,POST,*LCL 3 LAKES DR ,US 74BUS,15.819,,107836805,2024-08-02,30,1,12,1,O,,,,,,,Angle
SHELBY,MARION,0.0,,POST,KEMPER,US 74BUS,15.819,,107963208,2024-11-26,21,1,0,1,O,,,,,,,"Rear End, Slow or Stop"
SHELBY,US 74,0.0,,POST,MAGEL,US 74,13.868,,107557344,2023-11-19,18,1,0,4,O,,,,,,,Movable Object
SHELBY,DIXON,0.0,,POST,KING,US 74,13.868,,108073989,2025-03-23,28,1,0,1,O,,,,,,,"Sideswipe, Same Direction"
SHELBY,DIXON,0.023,E,POST,MARION,US 74,13.891,,108145305,2025-05-20,21,1,,1,O,,,,,,,"Rear End, Slow or Stop"
SHELBY,DIXON,0.0,,POST,MARION,US 74,13.868,,108355676,2025-11-30,21,2,,1,O,,,,,,,"Rear End, Slow or Stop"
SHELBY,DIXON,0.0,,POST,KING,US 74,13.868,,108146177,2025-05-31,1,1,7,4,C,,,,,,,
SHELBY,DIXON,0.009,E,POST,BRIAN,US 74,13.877,,108020064,2025-01-31,25,1,7,1,O,,,,,,,"Right Turn, Same Roadway"
SHELBY,DIXON,0.0,,POST,MAIN,US 74,13.868,,108050966,2025-03-05,22,1,,4,C,,,,,,,"Rear End, Turn"
SHELBY,DIXON,0.0,,POST,,US 74,13.868,,108290379,2025-10-12,21,1,7,1,O,,,,,,,"Rear End, Slow or Stop"
SHELBY,DIXON,0.0,,POST,DIXON FRONTAGE,US 74,13.868,,108221525,2025-06-17,28,2,0,4,O,,,,,,,"Sideswipe, Same Direction"
SHELBY,DIXON,0.0,,POST,MARION,US 74,13.868,,108217626,2025-07-19,28,1,,4,O,,,,,,,"Sideswipe, Same Direction"
SHELBY,DIXON,0.009,E,POST,FOXBOROUGH,US 74,13.877,,108221670,2025-07-16,21,1,,1,C,,,,,,,"Rear End, Slow or Stop"
SHELBY,DIXON,0.0,,POST,MARION,US 74,13.868,,108218792,2025-06-12,30,1,0,4,C,,,,,,,Angle
SHELBY,DIXON,0.0,,POST,ALLEN,US 74,13.868,,108220353,2025-07-07,26,1,,2,O,,,,,,,"Right Turn, Different Roadways"
SHELBY,DIXON,0.0,,POST,DUKE,US 74,13.868,,108031445,2025-02-08,21,1,,4,C,,,,,,,"Rear End, Slow or Stop"
SHELBY,PVA 122 S POST RD,0.009,W,POST,PVA DEAD END,,999.999,,108217612,2025-07-21,30,1,,1,O,,,,,,,Angle
SHELBY,MARION,0.002,W,POST,THREE LAKES,US 74BUS,15.817,,108220316,2025-07-02,30,1,0,1,O,,,,,,,Angle
SHELBY,DIXON,0.009,S,POST,DIXON FRONTAGE,US 74,13.877,,108221677,2025-07-25,21,1,,1,O,,,,,,,"Rear End, Slow or Stop"
SHELBY,DIXON,0.0,,POST,,US 74,13.868,,108221730,2025-06-05,27,1,,1,C,,,,,,,Head On
SHELBY,DIXON,0.0,,POST,,US 74,13.868,,108296599,2025-10-18,21,1,,1,C,,,,,,,"Rear End, Slow or Stop"
SHELBY,MARION,0.019,W,POST,THREE LAKES,US 74BUS,15.8,,108214797,2025-08-14,30,1,0,1,O,,,,,,,Angle
SHELBY,MARION,0.0,,POST,FAIRGROUND,US 74BUS,15.819,,108221695,2025-07-25,21,1,,1,O,,,,,,,"Rear End, Slow or Stop"
SHELBY,DIXON,0.0,,POST,,US 74,13.868,,108296654,2025-10-23,21,1,,1,C,,,,,,,"Rear End, Slow or Stop"
SHELBY,MARION,0.028,W,POST,ELIZABETH CH,US 74BUS,15.791,,108265854,2025-09-26,30,1,0,1,O,,,,,,,Angle
SHELBY,DIXON,0.0,,POST,MAGEL,US 74,13.868,,108091205,2025-04-12,28,1,,1,O,,,,,,,"Sideswipe, Same Direction"
SHELBY,MARION,0.0,,POST,ELIZABETH CH,US 74BUS,15.819,,108221646,2025-06-22,21,1,0,1,,,,,,,,"Rear End, Slow or Stop"
SHELBY,KING,0.0,,POST,GARRETT,SR 2049,0.0,,108252268,2025-08-29,21,1,0,1,O,,,,,,,"Rear End, Slow or Stop"
SHELBY,DIXON,0.0,E,POST,MARION,US 74,13.868,,108312053,2025-10-24,21,1,0,1,,,,,,,,"Rear End, Slow or Stop"
SHELBY,KING,0.0,,POST,,SR 2049,0.0,,108273677,2025-10-09,30,1,,1,O,,,,,,,Angle
SHELBY,DIXON,0.005,W,POST,DIXON FRONTAGE,US 74,13.863,,108310441,2025-10-29,30,2,,1,O,,,,,,,Angle
SHELBY,DIXON,0.0,,POST,EARL,US 74,13.868,,108248951,2025-09-08,21,1,0,1,,,,,,,,"Rear End, Slow or Stop"
SHELBY,DIXON,0.0,,POST,,US 74,13.868,,108273697,2025-10-08,21,1,0,4,O,,,,,,,"Rear End, Slow or Stop"
SHELBY,MARION,0.006,W,POST,THREE LAKES,US 74BUS,15.813,,108328702,2025-11-07,30,1,,3,C,,,,,,,Angle
SHELBY,DIXON,0.0,,POST,COUNTY HOME,US 74,13.868,,108337479,2025-11-24,30,1,,4,O,,,,,,,Angle
SHELBY,DIXON,0.0,,POST,DIXON FRONTAGE,US 74,13.868,,108369882,2025-12-22,30,1,,4,O,,,,,,,Angle
SHELBY,MARION,0.0,,POST,KEMPER,US 74BUS,15.819,,108327908,2025-11-10,31,1,,4,O,,,,,,,Backing Up
SHELBY,DIXON,0.0,,POST,,US 74,13.868,,108363288,2025-12-17,21,1,0,4,O,,,,,,,"Rear End, Slow or Stop"
SHELBY,DIXON,0.0,,POST,,US 74,13.868,,108334963,2025-12-05,30,2,,4,K,,,,,,,Angle
SHELBY,POST,0.019,S,MARION,GARRETT,NC 180,7.425,,108296604,2025-10-21,30,1,,1,,,,,,14911,,Angle
SHELBY,POST,0.027,N,FIELDS,CORVAIR,NC 180,8.265,,107884287,2024-09-24,21,1,,1,O,,,,,19346,,"Rear End, Slow or Stop"
SHELBY,POST,0.076,S,FAIRVIEW,LOWMAN,NC 180,8.626,,108273723,2025-10-07,1,1,0,1,O,,,,,21252,,
SHELBY,POST,0.0,,ELIZABETH,,NC 180,8.015,,108355413,2025-12-03,24,1,,4,C,,,,,18026,,"Left Turn, Different Roadways"
SHELBY,POST,0.0,,DIXON,DIXON FRONTAGE,NC 180,6.588,,108355744,2025-11-29,21,1,,1,O,,,,,10491,,"Rear End, Slow or Stop"
SHELBY,POST,0.1,N,DIXON,KING,NC 180,6.688,,108357793,2025-12-10,21,1,0,1,C,,,,,11019,,"Rear End, Slow or Stop"
SHELBY,POST,0.0,,MARION,*LCL KINDS RD EXT ,NC 180,7.444,,108256388,2025-09-14,21,1,0,1,O,,,,,15011,,"Rear End, Slow or Stop"
SHELBY,POST,0.047,,MARION,GARRETT,NC 180,7.397,Y,108232367,2025-08-14,21,1,0,1,O,,,,,14763,,"Rear End, Slow or Stop"
SHELBY,POST,0.152,S,KING,DIXON,NC 180,6.656,,108003753,2025-01-08,30,1,0,4,O,,,,,10850,,Angle
SHELBY,POST,0.005,S,FAIRVIEW,LOWMAN,NC 180,8.697,,106734271,2021-09-02,1,1,,1,C,,,,,21627,,
SHELBY,POST,0.1,S,DIXON,MAGEL,NC 180,6.488,,106745475,2021-09-13,21,1,0,1,O,,,,,9963,,"Rear End, Slow or Stop"
SHELBY,POST,0.046,S,CORVAIR,FIELDS,NC 180,8.371,,107727702,2024-04-17,21,1,0,1,C,,,,,19906,,"Rear End, Slow or Stop"
SHELBY,POST,0.0,,MARION,KING,NC 180,7.444,,107731850,2024-05-11,21,1,0,1,O,,,,,15011,,"Rear End, Slow or Stop"
SHELBY,POST,0.033,W,DIXON,EARL,NC 180,6.555,,108013003,2025-01-22,21,1,0,1,O,,,,,10317,,"Rear End, Slow or Stop"
SHELBY,POST,0.0,,DIXON,EARL,NC 180,6.588,,108013346,2025-01-27,21,2,,1,O,,,,,10491,,"Rear End, Slow or Stop"
SHELBY,POST,0.0,,CORVAIR,FIELDS,NC 180,8.417,,108031085,2025-02-11,1,2,0,4,O,,,,,20148,,
SHELBY,PVA 1800 E DIXON BLVD,0.0,,POST,DIXON,,999.999,,107667186,2024-02-27,31,1,,2,O,,,,,,,Backing Up
SHELBY,POST,0.0,,KING,DIXON,NC 180,6.808,,107964063,2024-11-22,23,1,0,4,O,,,,,11653,,"Left Turn, Same Roadway"
SHELBY,POST,0.028,S,KING,DIXON,NC 180,6.78,,107989799,2024-12-24,21,1,7,1,O,,,,,11505,,"Rear End, Slow or Stop"
SHELBY,POST,0.0,,MARION,FAIRGROUND,NC 180,7.444,,107227915,2023-01-11,28,1,0,1,O,,,,,15011,,"Sideswipe, Same Direction"
SHELBY,POST,0.0,,KING,KING,NC 180,6.808,,107228583,2023-01-05,24,1,,1,B,,,,,11653,,"Left Turn, Different Roadways"
SHELBY,POST,0.0,,KING,MARION,NC 180,6.808,,107235464,2023-01-23,28,1,0,1,O,,,,,11653,,"Sideswipe, Same Direction"
SHELBY,POST,0.15,S,DIXON,MAGEL,NC 180,6.438,,107102806,2022-09-28,30,1,,1,C,,,,,9699,,Angle
SHELBY,POST,0.0,,ELIZABETH,ELIZABETH CH,NC 180,8.015,,107542947,2023-10-30,30,1,7,4,O,,,,,18026,,Angle
SHELBY,POST,0.009,N,LOWMAN,CHERRYVILLE,NC 180,8.515,,107546771,2023-11-07,17,1,3,1,O,,,,,20666,,Animal
SHELBY,POST,0.076,N,MAGEL,DIXON,NC 180,6.373,,107557342,2023-11-18,21,1,7,1,O,,,,,9356,,"Rear End, Slow or Stop"
SHELBY,POST,0.0,,DIXON,DIXON,NC 180,6.588,,108221210,2025-07-12,21,1,0,1,C,,,,,10491,,"Rear End, Slow or Stop"
SHELBY,POST,0.047,S,DIXON,CARMEL,NC 180,6.541,,108383897,2026-01-01,21,1,12,1,O,,,,,10243,,"Rear End, Slow or Stop"
SHELBY,POST,0.0,,ELIZABETH,ELIZABETH CH,NC 180,8.015,,106831356,2021-10-14,24,1,0,2,C,,,,,18026,,"Left Turn, Different Roadways"
SHELBY,POST,0.09,,CHERRYVILLE,FAIRVIEW,NC 180,9.564,Y,106924336,2022-04-04,32,1,,1,B,,,,,26205,,Other Collision With Vehicle
SHELBY,POST,0.15,N,FIELDS,CORVAIR,NC 180,8.388,,107120718,2022-10-05,21,1,,1,O,,,,,19995,,"Rear End, Slow or Stop"
SHELBY,POST,0.0,,KING,KING,NC 180,6.808,,106873675,2021-12-21,21,2,8,4,C,,,,,11653,,"Rear End, Slow or Stop"
SHELBY,POST,0.01,N,MAGEL,DIXON,NC 180,6.307,,106888550,2022-01-05,30,1,7,1,O,,,,,9008,,Angle
SHELBY,POST,0.0,,ELIZABETH,WOLFE,NC 180,8.015,,106956385,2022-04-16,30,1,0,1,C,,,,,18026,,Angle
SHELBY,POST,0.0,,DIXON,MAGEL,NC 180,6.588,,106989581,2022-05-27,21,1,0,1,O,,,,,10491,,"Rear End, Slow or Stop"
SHELBY,POST,0.057,S,DIXON,MAGEL,NC 180,6.531,,107647088,2024-01-28,27,1,0,4,C,,,,,10190,,Head On
SHELBY,POST,0.15,S,MARION,GARRETT,NC 180,7.294,,107677076,2024-03-07,21,2,0,1,O,,,,,14219,,"Rear End, Slow or Stop"
SHELBY,POST,0.0,,DIXON,COUNTY HOME,NC 180,6.588,,107705730,2024-04-12,21,1,0,1,O,,,,,10491,,"Rear End, Slow or Stop"
SHELBY,POST,0.0,,DIXON,MAGEL,NC 180,6.588,,107884302,2024-09-16,21,2,0,4,C,,,,,10491,,"Rear End, Slow or Stop"
SHELBY,POST,0.52,S,AIRPORT,CHERRYVILLE,NC 180,9.719,,107009569,2022-06-19,21,1,,1,O,,,,,27023,,"Rear End, Slow or Stop"
SHELBY,POST,0.0,,DIXON,MAGEL,NC 180,6.588,,107963742,2024-11-21,30,1,,1,O,,,,,10491,,Angle
SHELBY,POST,0.0,,DIXON,MAGEL,NC 180,6.588,,107980268,2024-12-20,21,1,7,1,O,,,,,10491,,"Rear End, Slow or Stop"
SHELBY,POST,0.1,N,MAGEL,DIXON,NC 180,6.397,,107557425,2023-11-14,30,1,,1,O,,,,,9483,,Angle
SHELBY,POST,0.15,S,DIXON,MAGEL,NC 180,6.438,,108220064,2025-07-01,30,1,,1,O,,,,,9699,,Angle
SHELBY,POST,0.076,N,DIXON,KING,NC 180,6.664,,108218589,2025-06-10,30,1,0,1,O,,,,,10893,,Angle
SHELBY,POST,0.0,,MARION,FAIRGROUND,NC 180,7.444,,107815798,2024-07-25,21,1,12,1,O,,,,,15011,,"Rear End, Slow or Stop"
SHELBY,POST,0.0,,DIXON,COUNTY HOME,NC 180,6.588,,108406701,2026-02-07,21,1,12,1,O,,,,,10491,,"Rear End, Slow or Stop"
SHELBY,POST,0.0,,DIXON,,NC 180,6.588,,108383846,2026-01-06,28,1,,1,O,,,,,10491,,"Sideswipe, Same Direction"
SHELBY,POST,0.0,,DIXON,KING,NC 180,6.588,,108265867,2025-09-26,28,1,0,1,O,,,,,10491,,"Sideswipe, Same Direction"
SHELBY,POST,0.1,N,MARION,FAIRGROUND,NC 180,7.544,,107129202,2022-10-12,28,2,0,1,O,,,,,15539,,"Sideswipe, Same Direction"
SHELBY,POST,0.0,,FIELDS,,NC 180,8.238,,106810098,2021-10-29,21,2,,1,O,,,,,19203,,"Rear End, Slow or Stop"
SHELBY,DIXON,0.0,W,POST,EARL,US 74,13.868,,108383854,2026-01-04,21,1,0,1,C,,,,,,,"Rear End, Slow or Stop"
SHELBY,CHERRYVILLE,0.0,,POST,TROY,NC 150,17.953,,107802496,2024-07-08,30,2,10,1,O,,,,,,,Angle
SHELBY,POST,0.028,S,DIXON,MAGEL,NC 180,6.56,,107989739,2024-12-23,30,1,0,1,O,,,,,10344,,Angle
SHELBY,POST,0.0,,FAIRGROUND,MARION,NC 180,7.627,,107646507,2024-02-02,17,1,0,4,O,,,,,15977,,Animal
SHELBY,POST,0.045,N,ELIZABETH,CRYSTAL,NC 180,8.06,,106868193,2021-12-14,28,1,,1,O,,,,,18264,,"Sideswipe, Same Direction"
SHELBY,POST,0.2,,DIXON,MARION,NC 180,6.788,Y,108283099,2025-10-14,21,1,,1,O,,,,,11547,,"Rear End, Slow or Stop"
SHELBY,POST,0.0,,DIXON,MAGEL,NC 180,6.588,,106968367,2022-05-04,21,1,0,1,O,,,,,10491,,"Rear End, Slow or Stop"
SHELBY,POST,0.1,,KING,DIXON,NC 180,6.708,Y,106985977,2022-05-24,28,1,0,1,O,,,,,11125,,"Sideswipe, Same Direction"
SHELBY,POST,0.0,,DIXON,DIXON FRONTAGE,NC 180,6.588,,107639859,2024-01-23,21,1,0,4,O,,,,,10491,,"Rear End, Slow or Stop"
SHELBY,POST,0.0,,DIXON,KING,NC 180,6.588,,106918066,2022-02-19,30,1,7,3,C,,,,,10491,,Angle
SHELBY,POST,0.1,S,DIXON,MAGEL,NC 180,6.488,,107503748,2023-10-04,23,1,0,1,O,,,,,9963,,"Left Turn, Same Roadway"
SHELBY,CHERRYVILLE,0.0,,POST,SPAKE,NC 150,17.953,,107530629,2023-10-24,21,1,12,1,O,,,,,,,"Rear End, Slow or Stop"
SHELBY,CHERRYVILLE,0.0,,POST,DALTON,NC 150,17.953,,107802538,2024-07-04,30,1,10,5,O,,,,,,,Angle
SHELBY,PVA E DIXON BLVD,0.005,E,POST,*LCL PVA DEAD END ,US 74,13.873,,108220280,2025-06-25,30,1,0,1,O,,,,,,,Angle
SHELBY,CHERRYVILLE,0.0,,POST,ROLLINGWOOD,NC 150,17.953,,106949007,2022-04-08,30,1,,5,B,,,,,,,Angle
SHELBY,POST,0.076,N,MARION,FAIRGROUND,NC 180,7.52,,107608236,2023-12-12,17,1,0,4,O,,,,,15412,,Animal
SHELBY,POST,0.038,S,KING,DIXON,NC 180,6.77,,107623143,2023-12-21,30,1,,1,O,,,,,11452,,Angle
SHELBY,POST,0.038,S,DIXON,DIXON,NC 180,6.55,,107201161,2022-12-14,30,2,0,4,O,,,,,10291,,Angle
SHELBY,POST,0.0,,CHERRYVILLE,CRESCENT,NC 180,9.654,,107217140,2022-12-22,21,1,,5,O,,,,,26680,,"Rear End, Slow or Stop"
SHELBY,POST,0.0,,KING,GARRETT,NC 180,6.808,,108129208,2025-05-12,30,2,0,1,O,,,,,11653,,Angle
SHELBY,POST,0.02,S,KING,DIXON,NC 180,6.788,,108041837,2025-02-21,30,1,,1,O,,,,,11547,,Angle
SHELBY,POST,0.038,N,DIXON,KING,NC 180,6.626,,107483427,2023-09-08,30,1,0,1,O,,,,,10692,,Angle
SHELBY,POST,0.0,,MARION,GARRETT,NC 180,7.444,,108273689,2025-10-08,30,1,0,1,O,,,,,15011,,Angle
SHELBY,POST,0.0,,CHERRYVILLE,SPAKE,NC 180,9.654,,108114110,2025-05-06,28,1,0,1,O,,,,,26680,,"Sideswipe, Same Direction"
SHELBY,POST,0.0,,CHERRYVILLE,AIRPORT,NC 180,9.654,,108118322,2025-05-05,30,1,,1,O,,,,,26680,,Angle
SHELBY,POST,0.0,,ELIZABETH,CRYSTAL,NC 180,8.015,,107836704,2024-08-11,28,1,0,4,O,,,,,18026,,"Sideswipe, Same Direction"
SHELBY,POST,0.0,,DIXON,KING,NC 180,6.588,,107474131,2023-09-01,30,1,,1,O,,,,,10491,,Angle
SHELBY,POST,0.006,N,CRYSTAL,FIELDS,NC 180,8.113,,108355777,2025-11-26,30,1,0,4,O,,,,,18543,,Angle
SHELBY,POST,0.0,,KING,KING,NC 180,6.808,,108333816,2025-11-14,30,1,,1,O,,,,,11653,,Angle
SHELBY,POST,0.0,,DIXON,KING,NC 180,6.588,,108333822,2025-11-14,21,1,0,1,O,,,,,10491,,"Rear End, Slow or Stop"
SHELBY,POST,0.031,S,FIELDS,CRYSTAL,NC 180,8.207,,108234706,2025-08-18,21,1,,1,O,,,,,19040,,"Rear End, Slow or Stop"
SHELBY,POST,0.028,S,KING,DIXON,NC 180,6.78,,108247351,2025-08-27,19,1,7,1,O,,,,,11505,,Fixed Object
SHELBY,POST,0.028,S,CRYSTAL,ELIZABETH,NC 180,8.079,,107723602,2024-04-24,30,1,0,1,O,,,,,18364,,Angle
SHELBY,POST,0.038,N,DIXON,KING,NC 180,6.626,,108040073,2025-02-22,21,1,,1,O,,,,,10692,,"Rear End, Slow or Stop"
SHELBY,POST,0.057,S,KING,DIXON,NC 180,6.751,,107557416,2023-11-14,21,1,7,1,O,,,,,11352,,"Rear End, Slow or Stop"
RURAL,POST,0.0,S,CHERRYVILLE,CORVAIR,NC 180,9.654,,108383655,2026-01-05,17,1,0,5,O,,,,,26680,,Animal
SHELBY,POST,1.0,S,CORVAIR,FIELDS,NC 180,7.417,,107009537,2022-06-14,21,1,0,1,C,,,,,14868,,"Rear End, Slow or Stop"
SHELBY,POST,0.0,,MARION,GARRETT,NC 180,7.444,,107603229,2023-12-05,30,1,7,2,B,,,,,15011,,Angle
SHELBY,POST,0.0,,DIXON,,NC 180,6.588,,107828581,2024-08-12,21,1,,1,O,,,,,10491,,"Rear End, Slow or Stop"
SHELBY,POST,0.25,N,MARION,FAIRGROUND,NC 180,7.694,,107085237,2022-09-02,21,1,,1,O,,,,,16331,,"Rear End, Slow or Stop"
SHELBY,POST,0.047,S,CORVAIR,FIELDS,NC 180,8.37,,107093244,2022-09-20,21,1,0,1,O,,,,,19900,,"Rear End, Slow or Stop"
SHELBY,POST,0.019,N,KING,KING,NC 180,6.827,,106745470,2021-09-13,28,1,0,1,O,,,,,11753,,"Sideswipe, Same Direction"
SHELBY,POST,0.057,S,DIXON,MAGEL,NC 180,6.531,,107557457,2023-11-13,28,1,0,4,O,,,,,10190,,"Sideswipe, Same Direction"
SHELBY,POST,0.004,N,ELIZABETH,LOWMAN,NC 180,8.019,,108219899,2025-06-24,21,1,,2,O,,,,,18047,,"Rear End, Slow or Stop"
SHELBY,POST,0.019,S,KING,DIXON,NC 180,6.789,,108219950,2025-07-08,21,1,,1,C,,,,,11553,,"Rear End, Slow or Stop"
SHELBY,POST,0.0,,ELIZABETH CH,ELIZABETH,NC 180,7.851,,106795568,2021-10-22,17,1,,4,O,,,,,17160,,Animal
SHELBY,POST,0.0,,DIXON,MAGEL,NC 180,6.588,,106849388,2021-11-23,28,1,7,1,O,,,,,10491,,"Sideswipe, Same Direction"
SHELBY,POST,0.0,S,MARION,GARRETT,NC 180,7.444,,108283100,2025-10-14,28,1,0,1,O,,,,,15011,,"Sideswipe, Same Direction"
SHELBY,POST,0.095,N,FAIRGROUND,TONGA,NC 180,7.722,,108283118,2025-10-11,1,1,,4,O,,,,,16479,,
SHELBY,POST,0.1,S,KING,DIXON,NC 180,6.708,,107009554,2022-06-21,28,1,,1,O,,,,,11125,,"Sideswipe, Same Direction"
SHELBY,POST,0.019,N,DIXON,KING,NC 180,6.607,,106745715,2021-09-08,28,1,,1,O,,,,,10592,,"Sideswipe, Same Direction"
SHELBY,POST,0.0,,MARION,DIXON,NC 180,7.444,,108394757,2026-01-16,21,1,0,1,,,,,,15011,,"Rear End, Slow or Stop"
SHELBY,POST,0.0,,MARION,POST,NC 180,7.444,,108256542,2025-09-10,21,1,0,1,O,,,,,15011,,"Rear End, Slow or Stop"
SHELBY,POST,0.057,S,MARION,KING,NC 180,7.387,,108261099,2025-09-22,30,1,4,1,,,,,,14710,,Angle
SHELBY,POST,0.005,W,PVA E DIXON BLVD,DIXON,NC 180,6.583,,108241183,2025-08-19,32,1,,1,C,,,,,10465,,Other Collision With Vehicle
SHELBY,POST,0.0,,ELIZABETH,CRYSTAL,NC 180,8.015,,107732527,2024-05-12,30,1,0,1,A,,,,,18026,,Angle
SHELBY,POST,0.0,,DIXON,KING,NC 180,6.588,,106752058,2021-09-23,21,1,,1,O,,,,,10491,,"Rear End, Slow or Stop"
SHELBY,POST,0.028,N,INDUSTRY,TAYLOR,NC 180,5.581,,107233972,2023-01-20,21,1,0,1,O,,,,,5174,,"Rear End, Slow or Stop"
SHELBY,POST,0.004,S,CORVAIR,FIELDS,NC 180,8.413,,107246465,2022-12-26,30,1,0,1,C,,,,,20127,,Angle
SHELBY,POST,0.057,S,KING,DIXON,NC 180,6.751,,107601403,2023-12-07,21,1,7,1,O,,,,,11352,,"Rear End, Slow or Stop"
SHELBY,POST,0.0,,ELIZABETH,CRYSTAL,NC 180,8.015,,107196919,2022-11-08,29,1,0,4,C,,,,,18026,,"Sideswipe, Opposite Direction"
SHELBY,POST,0.004,N,DIXON,KING,NC 180,6.592,,107199064,2022-11-30,28,2,0,1,O,,,,,10512,,"Sideswipe, Same Direction"
SHELBY,POST,0.1,N,FAIRVIEW,LOWMAN,NC 180,8.802,,107199215,2022-11-11,17,2,,4,O,,,,,22181,,Animal
SHELBY,POST,0.0,,FAIRVIEW,CHERRYVILLE,NC 180,8.702,,106949013,2022-04-07,24,1,0,2,C,,,,,21653,,"Left Turn, Different Roadways"
SHELBY,POST,0.2,S,KING,DIXON,NC 180,6.608,,107074527,2022-08-23,21,1,0,1,O,,,,,10597,,"Rear End, Slow or Stop"
SHELBY,POST,0.038,S,DIXON,MAGEL,NC 180,6.55,,107454006,2023-08-14,28,1,,1,O,,,,,10291,,"Sideswipe, Same Direction"
SHELBY,POST,0.095,S,KING,DIXON,NC 180,6.713,,108312048,2025-10-25,30,1,0,1,C,,,,,11151,,Angle
SHELBY,POST,0.0,,DIXON,MAIN,NC 180,6.588,,107732482,2024-05-07,21,2,0,1,O,,,,,10491,,"Rear End, Slow or Stop"
SHELBY,POST,0.0,,DIXON,COUNTY HOME,NC 180,6.588,,107998098,2024-12-31,21,2,,1,O,,,,,10491,,"Rear End, Slow or Stop"
SHELBY,POST,0.0,,KING,KING,NC 180,6.808,,107404033,2023-07-03,28,1,12,1,O,,,,,11653,,"Sideswipe, Same Direction"
SHELBY,POST,0.019,S,CORVAIR,FIELDS,NC 180,8.398,,107755551,2024-06-05,30,1,,1,O,,,,,20048,,Angle
SHELBY,PVA 1800 E DIXON BLVD,0.0,,POST,PVA DEAD END,,999.999,,107727387,2024-04-17,31,1,,1,O,,,,,,,Backing Up
SHELBY,POST,0.1,S,LOWMAN,FIELDS,NC 180,8.406,,106931713,2022-03-08,30,2,,1,O,,,,,20090,,Angle
SHELBY,POST,0.076,S,DIXON,MAGEL,NC 180,6.512,,107654798,2024-02-10,28,1,,1,O,,,,,10090,,"Sideswipe, Same Direction"
SHELBY,POST,0.0,,DIXON,KING,NC 180,6.588,,107678841,2024-03-11,30,1,0,1,O,,,,,10491,,Angle
SHELBY,POST,0.0,,MARION,GARRETT,NC 180,7.444,,107775555,2024-06-27,21,1,0,1,O,,,,,15011,,"Rear End, Slow or Stop"
SHELBY,POST,0.095,N,DIXON,MAGEL,NC 180,6.683,,107802516,2024-06-29,30,1,,1,O,,,,,10993,,Angle
SHELBY,POST,0.197,N,ELIZABETH,FIELDS,NC 180,8.212,,108266514,2025-10-01,21,1,,1,O,,,,,19066,,"Rear End, Slow or Stop"
SHELBY,POST,0.0,,FAIRGROUND,MARION,NC 180,7.627,,108266564,2025-10-04,30,1,12,1,C,,,,,15977,,Angle
SHELBY,POST,0.1,N,MAGEL,DIXON,NC 180,6.397,,106855279,2021-12-02,30,1,,2,O,,,,,9483,,Angle
SHELBY,PVA 400 N POST RD,0.0,,POST,PVA DEAD END,,999.999,,106745458,2021-09-14,30,1,,1,O,,,,,,,Angle
SHELBY,POST,0.1,N,DIXON,KING,NC 180,6.688,,107802534,2024-07-03,30,1,0,1,O,,,,,11019,,Angle
SHELBY,POST,0.005,S,DIXON,SERVICE,NC 180,6.583,,106795575,2021-10-19,29,1,,1,O,,,,,10465,,"Sideswipe, Opposite Direction"
SHELBY,POST,1.0,S,CHERRYVILLE,ELIZABETH CH,NC 180,8.654,,106868239,2021-12-06,27,1,,2,O,,,,,21400,,Head On
SHELBY,POST,0.028,S,FAIRGROUND,MARION,NC 180,7.599,,107667174,2024-02-29,21,1,,1,O,,,,,15829,,"Rear End, Slow or Stop"
SHELBY,POST,0.095,S,LEAR,ELIZABETH CH,POST,999.999,,107983433,2024-12-11,17,1,0,4,O,,,,,,,Animal
SHELBY,POST,0.015,N,GARRETT,MARION,NC 180,6.986,,107983462,2024-12-12,17,1,0,4,O,,,,,12593,,Animal
SHELBY,POST,0.009,N,DIXON,KING,NC 180,6.597,,106950366,2022-04-13,30,1,0,1,O,,,,,10539,,Angle
SHELBY,POST,0.0,,KING,,NC 180,6.808,,108313655,2025-11-01,30,1,0,1,C,,,,,11653,,Angle
SHELBY,POST,0.1,N,GARRETT,MARION,NC 180,7.071,,108333443,2025-11-16,17,1,0,1,O,,,,,13042,,Animal
SHELBY,POST,0.006,N,MARION,KEMPER,NC 180,7.45,,108232148,2025-08-13,31,1,0,1,O,,,,,15043,,Backing Up
SHELBY,POST,0.038,N,DIXON,KING,NC 180,6.626,,106745294,2021-09-09,23,1,0,1,O,,,,,10692,,"Left Turn, Same Roadway"
SHELBY,POST,0.038,S,KING,DIXON,NC 180,6.77,,107728410,2024-04-29,21,1,7,1,O,,,,,11452,,"Rear End, Slow or Stop"
SHELBY,POST,0.015,N,DIXON,KING,NC 180,6.603,,108022695,2025-02-05,23,1,0,4,,,,,,10571,,"Left Turn, Same Roadway"
SHELBY,POST,0.047,,KING,DIXON,NC 180,6.761,Y,107227944,2023-01-11,21,1,0,1,O,,,,,11405,,"Rear End, Slow or Stop"
SHELBY,POST,0.0,,KING,DIXON,NC 180,6.808,,107557420,2023-11-14,30,1,,1,O,,,,,11653,,Angle
SHELBY,POST,0.0,,DIXON,CARMEL,NC 180,6.588,,108383926,2025-12-31,21,1,12,1,O,,,,,10491,,"Rear End, Slow or Stop"
SHELBY,POST,0.022,N,DIXON,MARION,NC 180,6.61,,108369872,2025-12-19,23,2,0,1,,,,,,10608,,"Left Turn, Same Roadway"
SHELBY,POST,0.0,,DIXON,,NC 180,6.588,,108265853,2025-09-26,21,2,7,1,O,,,,,10491,,"Rear End, Slow or Stop"
SHELBY,POST,0.0,,DIXON,COUNTY HOME,NC 180,6.588,,107634438,2024-01-19,21,1,12,1,O,,,,,10491,,"Rear End, Slow or Stop"
SHELBY,POST,0.0,,CORVAIR,,NC 180,8.417,,106849423,2021-11-24,21,1,,1,O,,,,,20148,,"Rear End, Slow or Stop"
SHELBY,POST,0.002,S,DIXON,MAGEL,NC 180,6.586,,106924372,2022-02-20,21,1,0,1,O,,,,,10481,,"Rear End, Slow or Stop"
SHELBY,POST,5.0,N,DIXON,,NC 180,11.588,,107242001,2023-01-27,21,1,0,1,O,,,,,36891,,"Rear End, Slow or Stop"
SHELBY,POST,0.0,,DIXON,MAGEL,NC 180,6.588,,106704077,2021-09-13,28,1,7,1,O,,,,,10491,,"Sideswipe, Same Direction"
SHELBY,POST,0.038,S,FAIRGROUND,MARION,NC 180,7.589,,107053683,2022-08-03,21,1,8,1,O,,,,,15777,,"Rear End, Slow or Stop"
SHELBY,POST,0.0,,CHERRYVILLE,AIRPORT,NC 180,9.654,,108221671,2025-07-16,30,1,10,1,O,,,,,26680,,Angle
SHELBY,POST,0.0,,DIXON,,NC 180,6.588,,107634450,2024-01-17,21,1,,1,O,,,,,10491,,"Rear End, Slow or Stop"
SHELBY,POST,0.028,N,DIXON,KING,NC 180,6.616,,107156372,2022-11-07,30,1,4,1,O,,,,,10639,,Angle
SHELBY,POST,0.057,N,DIXON,KING,NC 180,6.645,,106925961,2022-04-07,28,1,,1,O,,,,,10792,,"Sideswipe, Same Direction"
SHELBY,POST,0.0,,LOWMAN,,NC 180,8.506,,106868301,2021-12-09,21,1,,4,O,,,,,20618,,"Rear End, Slow or Stop"
SHELBY,POST,0.01,S,DIXON,MAGEL,NC 180,6.578,,106877362,2022-02-14,21,1,,1,O,,,,,10439,,"Rear End, Slow or Stop"
SHELBY,POST,0.028,N,DIXON,KING,NC 180,6.616,,106888210,2022-01-04,30,1,,1,O,,,,,10639,,Angle
SHELBY,POST,0.0,,DIXON,DIXON,NC 180,6.588,,107063585,2022-08-08,21,1,7,1,C,,,,,10491,,"Rear End, Slow or Stop"
SHELBY,POST,0.0,,ELIZABETH,,NC 180,8.015,,108283826,2025-10-15,30,1,7,1,O,,,,,18026,,Angle
SHELBY,POST,0.095,N,MAGEL,DIXON,NC 180,6.392,,106977765,2022-05-12,30,1,0,1,O,,,,,9456,,Angle
SHELBY,POST,0.0,,TAYLOR,INDUSTRY,NC 180,6.007,,106985522,2021-11-15,1,1,0,4,O,,,,,7424,,
SHELBY,POST,0.074,S,DIXON,MAGEL,NC 180,6.514,,107675458,2023-07-21,30,1,12,1,C,,,,,10101,,Angle
SHELBY,POST,0.038,S,KING,DIXON,NC 180,6.77,,107009920,2022-06-19,2,1,0,4,O,,,,,11452,,
RURAL,NC 180,0.0,,NC 226,SR 2202,NC 180,5.13,Y,107252002,2023-02-21,24,1,9,1,O,,,,,2793,,"Left Turn, Different Roadways"
SHELBY,POST,0.0,,MARION,POST,NC 180,7.444,,108283825,2025-10-15,30,1,,1,O,,,,,15011,,Angle
SHELBY,POST,0.0,,CHERRYVILLE,DEAD END,NC 180,9.654,,107019886,2022-07-03,21,1,0,1,O,,,,,26680,,"Rear End, Slow or Stop"
SHELBY,POST,0.0,,CHERRYVILLE,FAIRVIEW,NC 180,9.654,,107189307,2022-12-02,30,1,7,5,O,,,,,26680,,Angle
SHELBY,POST,0.0,S,ELIZABETH,*LCL ELIZABETH CHURCH ROAD ,NC 180,8.015,,107854625,2024-09-02,30,1,7,1,B,,,,,18026,,Angle
SHELBY,POST,0.1,S,FOXBOROUGH,DIXON,POST,999.999,,107441540,2023-08-03,30,2,,1,C,,,,,,,Angle
SHELBY,POST,0.095,W,DIXON,COUNTY HOME,NC 180,6.493,,107339148,2023-04-28,30,1,,1,O,,,,,9990,,Angle
SHELBY,POST,0.019,S,MARION,GARRETT,NC 180,7.425,,107343957,2023-05-05,30,1,,1,O,,,,,14911,,Angle
SHELBY,DIXON,0.009,E,POST,MARION,US 74,13.877,,107542496,2023-11-05,21,1,0,5,O,,,,,,,"Rear End, Slow or Stop"
SHELBY,POST,0.25,S,KING,DIXON,NC 180,6.558,,108114119,2025-05-06,30,1,,1,O,,,,,10333,,Angle
SHELBY,POST,0.0,,CHERRYVILLE,FAIRVIEW,NC 180,9.654,,108260979,2025-09-24,21,2,10,4,O,,,,,26680,,"Rear End, Slow or Stop"
SHELBY,POST,0.036,S,FIELDS,ELIZABETH,NC 180,8.202,,107636943,2024-02-07,1,1,,1,C,,,,,19013,,
SHELBY,POST,0.095,S,DIXON,MAGEL,NC 180,6.493,,107687430,2024-03-19,30,1,0,1,O,,,,,9990,,Angle
SHELBY,POST,0.0,,MARION,KEMPER,NC 180,7.444,,108091188,2025-04-10,30,2,0,4,O,,,,,15011,,Angle
SHELBY,POST,0.057,S,DIXON,MAGEL,NC 180,6.531,,107001771,2022-05-16,21,1,0,1,O,,,,,10190,,"Rear End, Slow or Stop"
SHELBY,POST,0.095,S,DIXON,MAGEL,NC 180,6.493,,107011729,2022-06-17,30,1,0,1,C,,,,,9990,,Angle
SHELBY,POST,0.038,S,DIXON,MAGEL,NC 180,6.55,,106949014,2022-04-06,23,1,0,1,O,,,,,10291,,"Left Turn, Same Roadway"
SHELBY,POST,0.028,S,KING,DIXON,NC 180,6.78,,108234730,2025-08-10,21,1,,1,O,,,,,11505,,"Rear End, Slow or Stop"
SHELBY,POST,0.006,S,MARION,GARRETT,NC 180,7.438,,106745261,2021-09-10,28,1,,1,O,,,,,14979,,"Sideswipe, Same Direction"
SHELBY,POST,0.0,,FAIRGROUND,MARION,NC 180,7.627,,107502842,2023-09-30,24,1,0,1,O,,,,,15977,,"Left Turn, Different Roadways"
SHELBY,POST,0.038,S,KING,,NC 180,6.77,,107963694,2024-11-25,21,1,7,1,O,,,,,11452,,"Rear End, Slow or Stop"
SHELBY,POST,0.0,,DIXON,MARION,NC 180,6.588,,108219974,2025-07-09,21,1,0,1,,,,,,10491,,"Rear End, Slow or Stop"
SHELBY,POST,0.079,S,KING,DIXON,NC 180,6.729,,107815818,2024-07-26,21,1,0,1,C,,,,,11236,,"Rear End, Slow or Stop"
SHELBY,POST,0.038,S,KING,DIXON,NC 180,6.77,,107980281,2024-12-19,30,1,0,1,O,,,,,11452,,Angle
SHELBY,POST,0.08,,DIXON,KING,NC 180,6.668,Y,108050988,2025-03-04,21,1,0,1,O,,,,,10914,,"Rear End, Slow or Stop"
SHELBY,POST,0.0,,CHERRYVILLE,FAIRVIEW,NC 180,9.654,,106868197,2021-12-14,27,1,,2,O,,,,,26680,,Head On
SHELBY,POST,0.0,,ELIZABETH,CRYSTAL,NC 180,8.015,,106868198,2021-12-15,30,1,0,1,O,,,,,18026,,Angle
SHELBY,POST,0.057,S,DIXON,MAGEL,NC 180,6.531,,106977859,2022-05-16,21,1,0,1,O,,,,,10190,,"Rear End, Slow or Stop"
SHELBY,POST,0.0,,DIXON,PVA HOBBY LOBBY,NC 180,6.588,,107557373,2023-11-16,21,1,0,1,O,,,,,10491,,"Rear End, Slow or Stop"
SHELBY,POST,0.019,N,ELIZABETH,CRYSTAL,NC 180,8.034,,108220018,2025-06-29,28,1,,1,O,,,,,18126,,"Sideswipe, Same Direction"
SHELBY,POST,0.0,,CHERRYVILLE,POST,NC 180,9.654,,108221669,2025-07-18,30,1,10,1,O,,,,,26680,,Angle
SHELBY,POST,0.0,,DIXON,MAGEL,NC 180,6.588,,106937216,2022-03-19,21,2,,1,O,,,,,10491,,"Rear End, Slow or Stop"
SHELBY,POST,0.019,N,DIXON,MARION,NC 180,6.607,,108221973,2025-06-08,25,1,,1,,,,,,10592,,"Right Turn, Same Roadway"
SHELBY,POST,0.0,S,KING,DIXON,NC 180,6.808,,108383855,2026-01-02,23,1,0,1,O,,,,,11653,,"Left Turn, Same Roadway"
SHELBY,POST,0.0,,DIXON,MAGEL,NC 180,6.588,,108145351,2025-05-24,28,1,0,1,O,,,,,10491,,"Sideswipe, Same Direction"
SHELBY,POST,0.028,N,MARION,FAIRGROUND,NC 180,7.472,,107189308,2022-12-04,28,1,0,1,O,,,,,15159,,"Sideswipe, Same Direction"
SHELBY,POST,0.078,N,GARRETT,MARION,NC 180,7.049,,108234638,2025-08-28,30,1,,1,B,,,,,12925,,Angle
SHELBY,POST,0.0,,LOWMAN,CORVAIR,NC 180,8.506,,108234703,2025-08-15,29,1,,1,O,,,,,20618,,"Sideswipe, Opposite Direction"
SHELBY,POST,0.019,N,DIXON,MAGEL,NC 180,6.607,,107731885,2024-05-08,30,1,,1,C,,,,,10592,,Angle
SHELBY,POST,0.0,,DIXON,*LCL MANGEL RD ,NC 180,6.588,,108003733,2025-01-06,21,1,0,4,C,,,,,10491,,"Rear End, Slow or Stop"
SHELBY,POST,0.005,N,FIELDS,CORVAIR,NC 180,8.243,,107601680,2023-11-29,21,1,0,1,O,,,,,19230,,"Rear End, Slow or Stop"
SHELBY,POST,0.0,,DIXON,MAGEL,NC 180,6.588,,107608368,2023-12-18,21,1,7,1,O,,,,,10491,,"Rear End, Slow or Stop"
SHELBY,POST,0.019,E,MARION,KEMPER,NC 180,7.463,,106943486,2022-03-30,30,1,,1,O,,,,,15111,,Angle
SHELBY,POST,0.0,,DIXON,MAGEL,NC 180,6.588,,106949867,2022-04-11,21,1,0,1,O,,,,,10491,,"Rear End, Slow or Stop"
SHELBY,POST,0.1,S,KING,DIXON,NC 180,6.708,,106949872,2022-04-13,21,1,0,1,O,,,,,11125,,"Rear End, Slow or Stop"
SHELBY,POST,0.5,N,MAGEL,DIXON,NC 180,6.797,,107093307,2022-09-15,21,1,0,1,O,,,,,11595,,"Rear End, Slow or Stop"
SHELBY,POST,0.2,S,KING,DIXON,NC 180,6.608,,107467722,2023-09-08,30,1,0,1,O,,,,,10597,,Angle
SHELBY,POST,0.123,N,FAIRGROUND,ELIZABETH,NC 180,7.75,,108334959,2025-12-05,30,1,,4,O,,,,,16627,,Angle
SHELBY,POST,0.0,S,KING,DIXON,NC 180,6.808,,108255909,2025-09-15,21,1,12,1,C,,,,,11653,,"Rear End, Slow or Stop"
SHELBY,POST,0.066,,GARRETT,MARION,NC 180,7.037,Y,107755092,2024-05-15,28,2,0,1,O,,,,,12862,,"Sideswipe, Same Direction"
SHELBY,POST,0.0,,KING,DIXON,NC 180,6.808,,108234696,2025-08-15,30,1,,1,O,,,,,11653,,Angle
SHELBY,POST,0.028,S,KING,DIXON,NC 180,6.78,,108003677,2025-01-06,21,2,7,1,O,,,,,11505,,"Rear End, Slow or Stop"
SHELBY,POST,0.0,,DIXON,MAGEL,NC 180,6.588,,106745714,2021-09-10,30,1,,1,C,,,,,10491,,Angle
SHELBY,POST,0.0,,DIXON,MAGEL,NC 180,6.588,,107754983,2024-06-03,21,1,7,1,O,,,,,10491,,"Rear End, Slow or Stop"
SHELBY,POST,0.0,,ELIZABETH CH,ELIZABETH,NC 180,7.851,,107546769,2023-11-07,17,1,,1,O,,,,,17160,,Animal
SHELBY,PVA 200 S POST RD,0.0,NW,POST,PVA DEAD END,,999.999,,108383535,2026-01-07,19,1,0,1,O,,,,,,,Fixed Object
SHELBY,POST,0.0,,CHERRYVILLE,,NC 180,9.654,,108383613,2026-01-06,30,1,10,1,O,,,,,26680,,Angle
SHELBY,POST,0.0,,KING,POST,NC 180,6.808,,106831970,2021-11-14,17,1,8,1,O,,,,,11653,,Animal
SHELBY,POST,0.0,,DIXON,,NC 180,6.588,,107102807,2022-09-28,30,1,0,1,C,,,,,10491,,Angle
SHELBY,POST,0.0,,DIXON,COUNTY HOME,NC 180,6.588,,108394704,2026-01-17,21,2,19,1,O,,,,,10491,,"Rear End, Slow or Stop"
SHELBY,POST,0.0,,ELIZABETH CH,,NC 180,7.851,,106849165,2021-11-29,21,1,,1,,,,,,17160,,"Rear End, Slow or Stop"
SHELBY,POST,0.019,S,DIXON,MAGEL,NC 180,6.569,,107703365,2024-04-03,30,1,0,1,O,,,,,10391,,Angle
SHELBY,POST,0.0,,ELIZABETH,,NC 180,8.015,,107542944,2023-10-31,30,1,0,1,C,,,,,18026,,Angle
SHELBY,POST,0.057,S,DIXON,MAGEL,NC 180,6.531,,107557350,2023-11-18,23,1,25,1,O,,,,,10190,,"Left Turn, Same Roadway"
SHELBY,POST,0.057,S,LOWMAN,CORVAIR,NC 180,8.449,,108221696,2025-07-25,17,1,0,4,O,,,,,20317,,Animal
SHELBY,POST,0.012,,DIXON,MAGEL,NC 180,6.576,Y,107963191,2024-11-04,23,1,,1,O,,,,,10428,,"Left Turn, Same Roadway"
SHELBY,POST,0.057,S,KING,DIXON,NC 180,6.751,,107479397,2023-09-28,21,1,7,1,O,,,,,11352,,"Rear End, Slow or Stop"
SHELBY,POST,0.0,,CHERRYVILLE,DALTON,NC 180,9.654,,108036600,2025-02-14,30,1,10,1,O,,,,,26680,,Angle
SHELBY,POST,0.009,S,ELIZABETH,ELIZABETH CH,NC 180,8.006,,107973362,2024-12-17,30,1,,1,O,,,,,17978,,Angle
SHELBY,PVA 1730 E DIXON BLVD,0.0,,POST,,,999.999,,107984186,2024-12-18,30,1,0,1,O,,,,,,,Angle
SHELBY,POST,0.0,,DIXON,KING,NC 180,6.588,,107242426,2023-01-29,24,2,12,5,O,,,,,10491,,"Left Turn, Different Roadways"
SHELBY,POST,0.019,N,DIXON,KING,NC 180,6.607,,107026860,2022-07-10,28,2,0,1,O,,,,,10592,,"Sideswipe, Same Direction"
SHELBY,POST,0.0,,MARION,GARRETT,NC 180,7.444,,107530737,2023-10-23,27,1,0,3,C,,,,,15011,,Head On
SHELBY,POST,0.0,,CHERRYVILLE,AIRPORT,NC 180,9.654,,107802515,2024-06-30,30,2,10,5,O,,,,,26680,,Angle
SHELBY,POST,0.0,,CHERRYVILLE,FAIRVIEW,NC 180,9.654,,108266513,2025-10-01,21,1,10,1,O,,,,,26680,,"Rear End, Slow or Stop"
SHELBY,PVA 137 S POST RD,0.0,,PVA S POST RD,PVA DEAD END,,999.999,,108266614,2025-10-03,30,1,0,1,O,,,,,,,Angle
SHELBY,POST,0.057,S,KING,DIXON,NC 180,6.751,,107063300,2022-08-12,21,1,,1,O,,,,,11352,,"Rear End, Slow or Stop"
SHELBY,POST,0.0,,DIXON,MARION,NC 180,6.588,,108327888,2025-11-04,21,1,,1,,,,,,10491,,"Rear End, Slow or Stop"
SHELBY,POST,0.0,,ELIZABETH,CRYSTAL,NC 180,8.015,,108331157,2025-11-10,27,1,,1,C,,,,,18026,,Head On
SHELBY,POST,0.4,N,GARRETT,MARION,NC 180,7.371,,108390570,2026-01-14,21,1,,2,O,,,,,14626,,"Rear End, Slow or Stop"
SHELBY,POST,0.15,,GARRETT,MARION,NC 180,7.121,Y,108252312,2025-09-04,2,1,0,1,B,,,,,13306,,
SHELBY,POST,0.064,S,DIXON,MAGEL,NC 180,6.524,,107399826,2023-07-04,30,1,0,4,O,,,,,10153,,Angle
SHELBY,POST,0.095,S,CORVAIR,FIELDS,NC 180,8.322,,107402681,2023-07-06,30,1,0,1,O,,,,,19647,,Angle
SHELBY,POST,0.0,,GARRETT,,NC 180,6.971,,108337450,2025-11-22,28,1,0,1,O,,,,,12514,,"Sideswipe, Same Direction"
SHELBY,POST,0.0,,CORVAIR,LOWMAN,NC 180,8.417,,107227938,2023-01-06,30,1,,1,O,,,,,20148,,Angle
SHELBY,POST,0.15,N,MAGEL,MAGEL,NC 180,6.447,,108221182,2025-07-11,30,1,,1,B,,,,,9747,,Angle
SHELBY,POST,0.025,S,CORVAIR,FIELDS,NC 180,8.392,,107775037,2024-06-18,30,1,0,1,O,,,,,20016,,Angle
SHELBY,POST,0.0,,DIXON,COUNTY HOME,NC 180,6.588,,107815823,2024-07-26,21,1,0,1,C,,,,,10491,,"Rear End, Slow or Stop"
SHELBY,POST,0.174,S,ELIZABETH CH,FAIRGROUND,NC 180,7.677,,107975178,2024-11-27,17,1,0,1,O,,,,,16241,,Animal
SHELBY,PVA 1805 E DIXON BLVD,0.0,,POST,BRIAN,,999.999,,107227507,2023-01-07,31,1,,1,O,,,,,,,Backing Up
SHELBY,POST,0.0,,KING,KING,NC 180,6.808,,107441017,2023-08-01,30,1,12,1,C,,,,,11653,,Angle
SHELBY,POST,0.0,,MARION,KING,NC 180,7.444,,107039884,2022-07-18,21,1,0,1,O,,,,,15011,,"Rear End, Slow or Stop"
SHELBY,POST,0.1,N,MAGEL,DIXON,NC 180,6.397,,107039902,2022-07-18,30,1,0,1,O,,,,,9483,,Angle
SHELBY,POST,0.016,N,DIXON,KING,NC 180,6.604,,108224043,2025-07-29,28,2,,1,O,,,,,10576,,"Sideswipe, Same Direction"
SHELBY,POST,0.0,,DIXON,KING,NC 180,6.588,,107775136,2024-06-08,28,1,,1,O,,,,,10491,,"Sideswipe, Same Direction"
SHELBY,POST,0.1,N,CRYSTAL,FIELDS,NC 180,8.207,,107814722,2024-08-01,21,1,0,1,O,,,,,19040,,"Rear End, Slow or Stop"
SHELBY,POST,0.0,,DIXON,,NC 180,6.588,,108383590,2026-01-06,21,1,,4,O,,,,,10491,,"Rear End, Slow or Stop"
SHELBY,POST,0.25,N,KING,MARION,NC 180,7.058,,108290222,2025-10-20,30,1,,1,,,,,,12973,,Angle
SHELBY,POST,0.0,,DIXON,KING,NC 180,6.588,,106899363,2022-01-23,21,1,,1,O,,,,,10491,,"Rear End, Slow or Stop"
SHELBY,POST,0.051,N,LOWMAN,FAIRVIEW,NC 180,8.557,,106884620,2022-02-24,30,2,,1,B,,,,,20888,,Angle
SHELBY,POST,0.0,,ELIZABETH,ELIZABETH CH,NC 180,8.015,,106787125,2021-10-14,24,1,,2,C,,,,,18026,,"Left Turn, Different Roadways"
SHELBY,POST,0.0,,DIXON,KING,NC 180,6.588,,107694367,2024-03-29,30,1,,1,O,,,,,10491,,Angle
SHELBY,POST,0.0,,ELIZABETH,CRYSTAL,NC 180,8.015,,107703341,2024-04-04,21,1,,1,O,,,,,18026,,"Rear End, Slow or Stop"
SHELBY,POST,0.004,N,ELIZABETH CH,ELIZABETH,NC 180,7.855,,108295735,2025-09-16,21,1,,1,C,,,,,17181,,"Rear End, Slow or Stop"
SHELBY,POST,0.0,,CORVAIR,,NC 180,8.417,,108310440,2025-10-28,21,2,0,1,O,,,,,20148,,"Rear End, Slow or Stop"
SHELBY,POST,0.023,S,FIELDS,CRYSTAL,NC 180,8.215,,107728432,2024-05-06,2,1,,1,B,,,,,19082,,
SHELBY,POST,0.0,,CHERRYVILLE,FAIRVIEW,NC 180,9.654,,108050997,2025-03-04,30,1,10,1,A,,,,,26680,,Angle
SHELBY,POST,0.028,N,GARRETT,MARION,NC 180,6.999,,107963032,2024-12-10,29,2,,1,O,,,,,12661,,"Sideswipe, Opposite Direction"
SHELBY,POST,0.057,S,KING,DIXON,NC 180,6.751,,107232233,2023-01-17,30,1,0,2,O,,,,,11352,,Angle
SHELBY,POST,0.019,S,CHERRYVILLE,FAIRVIEW,NC 180,9.635,,107546833,2023-11-10,21,1,0,5,O,,,,,26580,,"Rear End, Slow or Stop"
SHELBY,POST,0.038,S,DIXON,MAGEL,NC 180,6.55,,107567191,2023-11-27,30,1,0,1,O,,,,,10291,,Angle
SHELBY,POST,0.009,N,FAIRVIEW,CHERRYVILLE,NC 180,8.711,,107815640,2024-07-30,21,1,0,1,O,,,,,21701,,"Rear End, Slow or Stop"
SHELBY,POST,0.14,S,DIXON,MAGEL,NC 180,6.448,,108369816,2025-12-18,30,2,,1,O,,,,,9752,,Angle
SHELBY,POST,0.057,N,CORVAIR,CRYSTAL,NC 180,8.474,,107654788,2024-02-12,21,2,,4,C,,,,,20449,,"Rear End, Slow or Stop"
SHELBY,POST,0.076,S,FAIRVIEW,LOWMAN,NC 180,8.626,,107009885,2022-06-17,21,1,0,1,O,,,,,21252,,"Rear End, Slow or Stop"
SHELBY,POST,0.009,,DIXON,KING,NC 180,6.597,Y,106949864,2022-04-08,21,1,0,1,O,,,,,10539,,"Rear End, Slow or Stop"
SHELBY,POST,0.057,S,GARRETT,KING,NC 180,6.914,,108355539,2025-12-06,28,1,,1,O,,,,,12213,,"Sideswipe, Same Direction"
SHELBY,NC 226,0.02,N,RANDOLPH,GROVER,NC 226,13.211,,107976342,2024-12-04,21,1,0,4,C,,,,,,,"Rear End, Slow or Stop"
SHELBY,NC 226,0.038,S,WAL MART,WAL MART,NC 226,13.416,,107159597,2022-11-03,17,1,0,4,O,,,,,,,Animal
SHELBY,POST,0.057,N,MAGEL,DIXON,NC 180,6.354,,107493528,2023-09-27,21,1,7,1,O,,,,,9256,,"Rear End, Slow or Stop"
SHELBY,POST,0.0,N,CHERRYVILLE,*LCL N CRESENT CIR ,NC 180,9.654,,107161154,2022-10-21,21,1,7,1,O,,,,,26680,,"Rear End, Slow or Stop"
SHELBY,POST,0.038,N,MAGEL,DIXON,NC 180,6.335,,108101359,2025-04-24,21,2,7,1,O,,,,,9156,,"Rear End, Slow or Stop"
SHELBY,POST,0.0,N,GARRETT,MARION,NC 180,6.971,,108357792,2025-12-10,17,1,0,3,O,,,,,12514,,Animal
SHELBY,POST,0.076,S,CORVAIR,LOWMAN,NC 180,8.341,,107656825,2024-02-05,21,1,0,1,C,,,,,19747,,"Rear End, Slow or Stop"
SHELBY,POST,0.0,,CHERRYVILLE,AIRPORT,NC 180,9.654,,107695051,2024-04-03,30,2,,5,O,,,,,26680,,Angle
SHELBY,POST,0.25,N,GARRETT,MARION,NC 180,7.221,,108081721,2025-04-03,29,2,,1,B,,,,,13834,,"Sideswipe, Opposite Direction"
SHELBY,POST,0.095,S,KING,US 74,NC 180,6.713,,106777959,2021-10-01,21,1,0,1,O,,,,,11151,,"Rear End, Slow or Stop"
SHELBY,POST,0.0,,DIXON,KING,NC 180,6.588,,107603206,2023-12-04,31,1,0,4,O,,,,,10491,,Backing Up
SHELBY,POST,0.0,N,LOWMAN,FAIRVIEW,NC 180,8.506,,106949861,2022-04-09,2,1,0,1,O,,,,,20618,,
SHELBY,POST,0.0,,DIXON,COUNTY HOME,NC 180,6.588,,108255928,2025-09-10,22,1,,1,O,,,,,10491,,"Rear End, Turn"
SHELBY,POST,0.153,,MAGEL,DIXON,NC 180,6.45,Y,107755064,2024-05-15,30,1,,1,O,,,,,9763,,Angle
SHELBY,POST,0.085,,DIXON,MAGEL,NC 180,6.503,Y,107989746,2024-12-26,21,1,,1,O,,,,,10043,,"Rear End, Slow or Stop"
SHELBY,POST,0.0,,DIXON,KING,NC 180,6.588,,107228503,2022-12-31,30,2,12,4,C,,,,,10491,,Angle
SHELBY,POST,0.0,,MAGEL,DIXON,NC 180,6.297,,107085328,2022-09-06,30,1,0,1,O,,,,,8955,,Angle
SHELBY,POST,0.0,,DIXON,KING,NC 180,6.588,,108296616,2025-10-22,21,1,0,1,O,,,,,10491,,"Rear End, Slow or Stop"
SHELBY,POST,0.0,,FAIRVIEW,LOWMAN,NC 180,8.702,,108036639,2025-02-15,30,2,,4,O,,,,,21653,,Angle
RURAL,NC 180,0.1,N,SR 1908,SR 1925,NC 180,11.237,,107387000,2023-07-03,17,1,0,5,O,,,,,35038,,Animal
RURAL,NC 180,0.1,S,SR 1104,NC 226,NC 180,3.797,,107247347,2023-02-14,21,1,0,1,O,,,,,-4245,,"Rear End, Slow or Stop"
RURAL,NC 180,0.074,N,SR 1925,NC 18,NC 180,11.582,,106808357,2021-12-18,19,2,0,5,B,,,,,36860,,Fixed Object
SHELBY,CHERRYVILLE,0.0,,POST,,NC 150,17.953,,108588511,2026-08-09,30,1,10,1,O,,,,,,,Angle
SHELBY,POST,0.0,,DIXON,POST,NC 180,6.588,,108588509,2026-08-08,21,1,7,1,C,,,,,10491,,"Rear End, Slow or Stop"
SHELBY,DIXON,0.0,,POST,COUNTY HOME,US 74,13.868,,108588525,2026-08-12,31,1,7,4,O,,,,,,,Backing Up
RURAL,NC 180,0.038,N,SR 2697,SR 1908,NC 180,999.999,,107449303,2023-09-03,19,1,0,1,C,,,,,,,Fixed Object
RURAL,NC 180,0.033,N,SR 2329,SR 2202,NC 180,4.937,,107459349,2023-09-15,21,1,0,1,O,,,,,1774,,"Rear End, Slow or Stop"
SHELBY,POST,0.1,S,KING,DIXON,NC 180,6.708,,108594185,2026-08-18,30,1,12,1,O,,,,,11125,,Angle
RURAL,NC 180,0.17,N,SR 1383,NC 180,NC 180,999.999,,107346976,2023-05-23,23,1,0,1,C,,,,,,,"Left Turn, Same Roadway"
SHELBY,PVA 122 S POST RD,0.019,E,POST,PVA DEAD END,,999.999,,108394717,2025-01-16,31,1,0,1,O,,,,,,,Backing Up
RURAL,NC 180,0.1,N,SR 1925,SR 1924,NC 180,11.608,,107012148,2022-07-05,21,1,0,1,B,,,,,36997,,"Rear End, Slow or Stop"
SHELBY,NC 180,0.032,N,SR 2067,NC 150,NC 180,8.734,,107141387,2022-11-05,29,2,0,1,O,,,,,21822,,"Sideswipe, Opposite Direction"
RURAL,NC 180,0.0,S,SR 2220,NC 18,NC 180,0.667,,107183375,2022-12-15,23,2,7,1,C,,,,,-20772,,"Left Turn, Same Roadway"
SHELBY,CHERRYVILLE,0.0,,POST,SPAKE,NC 150,17.953,,108595262,2026-08-19,28,1,10,1,,,,,,,,"Sideswipe, Same Direction"
SHELBY,POST,0.0,,ELIZABETH,MARION,NC 180,8.015,,106780474,2021-09-30,28,1,,1,C,,,,,18026,,"Sideswipe, Same Direction"
SHELBY,DIXON,0.0,,POST,MARION,US 74,13.868,,108574692,2026-03-19,23,1,0,1,,,,,,,,"Left Turn, Same Roadway"
SHELBY,POST,0.009,N,ELIZABETH,FIELDS,NC 180,8.024,,108574783,2026-04-03,28,1,0,1,O,,,,,18073,,"Sideswipe, Same Direction"
SHELBY,POST,0.0,,FIELDS,CRYSTAL,NC 180,8.238,,108579107,2026-08-03,21,1,0,1,O,,,,,19203,,"Rear End, Slow or Stop"
SHELBY,PVA 1698 E MARION ST,0.009,N,POST,DEAD END,,999.999,,108406871,2026-02-08,31,1,,4,O,,,,,,,Backing Up
SHELBY,POST,0.047,N,DIXON,KING,NC 180,6.635,,108574524,2026-03-12,30,1,0,1,O,,,,,10740,,Angle
SHELBY,PVA S POST RD,0.0,,PVA 122 S POST RD,PVA DEADEND,,999.999,,108574440,2026-02-17,31,1,0,1,O,,,,,,,Backing Up
SHELBY,PVA S POST RD,0.038,W,POST,PVA DEAD END,POST,999.999,,108574451,2026-02-19,31,1,0,1,O,,,,,,,Backing Up
SHELBY,MARION,0.0,,POST,THREE LAKES,US 74BUS,15.819,,108574466,2026-02-27,21,2,0,4,O,,,,,,,"Rear End, Slow or Stop"
SHELBY,POST,0.019,S,MARION,KING,NC 180,7.425,,108574499,2026-03-02,30,1,0,1,C,,,,,14911,,Angle
SHELBY,POST,0.0,,ELIZABETH,,NC 180,8.015,,108602245,2026-08-26,30,1,0,1,O,,,,,18026,,Angle
SHELBY,PVA S POST RD,0.057,W,MARION,PVA GARRETT DR,NC 180,7.387,,108642970,2026-08-20,20,1,0,1,O,,,,,14710,,Parked Motor Vehicle
RURAL,NC 226,0.0,,SR 1337,SR 1832,NC 226,16.5,,106878742,2022-03-01,26,1,7,1,O,,,,,,,"Right Turn, Different Roadways"
RURAL,NC 226,0.0,,NC 180,SR 1100,NC 180,5.13,Y,106776138,2021-11-16,18,1,0,1,O,,,,,2793,,Movable Object
SHELBY,POST,0.0,,DIXON,,NC 180,6.588,,108575935,2026-07-06,21,1,12,4,B,,,,,10491,,"Rear End, Slow or Stop"
SHELBY,POST,0.068,,MARION,GARRETT,NC 180,7.376,Y,108575974,2026-07-18,28,1,0,1,O,,,,,14652,,"Sideswipe, Same Direction"
SHELBY,POST,0.0,,DIXON,POST,NC 180,6.588,,108575304,2026-05-20,21,1,0,1,C,,,,,10491,,"Rear End, Slow or Stop"
RURAL,NC 226,0.1,N,SR 1345,SR 1809,NC 226,17.347,,107121282,2022-10-24,18,1,0,5,O,,,,,,,Movable Object
RURAL,NC 226,0.2,N,SR 1861,SR 1344,NC 226,13.654,,106801123,2021-12-13,17,1,0,5,O,,,,,,,Animal
SHELBY,NC 226,0.038,N,US 74,DIXON,NC 226,999.999,,106910425,2022-02-05,21,1,0,5,C,,,,,,,"Rear End, Slow or Stop"
RURAL,NC 226,0.0,,SR 1337,SR 1832,NC 226,16.5,,106987263,2022-06-12,30,1,7,1,O,,,,,,,Angle
SHELBY,POST,0.076,S,CHERRYVILLE,FAIRVIEW,NC 180,9.578,,108575292,2026-05-16,30,1,10,1,O,,,,,26279,,Angle
SHELBY,PVA S POST RD,0.038,E,POST,DEAD END,POST,999.999,,108575306,2026-05-21,31,1,0,1,O,,,,,,,Backing Up
SHELBY,POST,0.0,,DIXON,MAGEL,NC 180,6.588,,108575436,2026-06-01,30,2,0,1,,,,,,10491,,Angle
RURAL,NC 226,0.2,S,SR 1344,MCCRACKEN,NC 226,15.157,Y,107454174,2023-09-04,29,1,0,1,C,,,,,,,"Sideswipe, Opposite Direction"
RURAL,NC 226,0.2,S,SR 1344,SR 1343,NC 226,999.999,,106833257,2022-01-13,17,1,0,5,O,,,,,,,Animal
RURAL,NC 226,0.2,S,SR 1343,US 74,NC 226,14.389,Y,106696788,2021-09-13,21,1,0,1,O,,,,,,,"Rear End, Slow or Stop"
RURAL,NC 226,0.0,,SR 1337,SR 1832,NC 226,16.5,,107407356,2023-07-15,30,1,7,5,C,,,,,,,Angle
RURAL,NC 226,0.35,N,SR 1344,SR 1860,NC 226,15.707,Y,107206142,2023-01-07,17,1,0,5,O,,,,,,,Animal
RURAL,NC 226,0.12,N,SR 1344,SR 1860,NC 226,15.477,Y,107216956,2023-01-11,5,1,0,5,A,,,,,,,
SHELBY,NC 226,0.038,S,US 74,RANDOLPH,US 74 WB COUPLET,15.69,Y,107884461,2024-09-12,30,1,,1,O,,,,,,,Angle
SHELBY,PVA E DIXON BLVD,0.006,E,POST,PVA DEAD END,US 74,13.874,,108576252,2026-05-04,21,1,0,1,O,,,,,,,"Rear End, Slow or Stop"
SHELBY,POST,0.2,S,MARION,DIXON,NC 180,7.244,,108576261,2026-07-04,32,1,0,1,,,,,,13955,,Other Collision With Vehicle
SHELBY,POST,0.0,,MARION,GARRETT,NC 180,7.444,,108576263,2026-07-02,21,1,0,1,C,,,,,15011,,"Rear End, Slow or Stop"
SHELBY,CHERRYVILLE,0.0,,POST,SPAKE,NC 150,17.953,,108576166,2026-04-15,28,1,10,1,O,,,,,,,"Sideswipe, Same Direction"
SHELBY,PVA S POST RD,0.5,,KING,KEMPER,NC 180,6.808,Y,108592671,2026-08-13,31,1,4,1,O,,,,,11653,,Backing Up
RURAL,NC 226,0.3,N,SR 1809,SR 1344,NC 226,17.867,,107090581,2022-09-25,17,1,0,1,O,,,,,,,Animal
RURAL,NC 226,0.095,N,SR 1343,SR 1344,NC 226,999.999,,106938691,2022-04-26,17,1,0,2,O,,,,,,,Animal
SHELBY,NC 226,0.014,N,DIXON,FANNING,NC 226,999.999,,108310387,2025-10-27,24,2,0,1,,,,,,,,"Left Turn, Different Roadways"
RURAL,NC 226,0.25,N,US 74,SR 1343,NC 226,12.964,Y,107158245,2022-11-22,17,1,0,5,O,,,,,,,Animal
SHELBY,MARION,0.0,,POST,MARION,US 74BUS,15.819,,108575197,2026-05-06,21,1,0,1,C,,,,,,,"Rear End, Slow or Stop"
RURAL,NC 226,0.0,,SR 1337,SR 1832,NC 226,16.5,,107073544,2022-09-07,30,1,7,1,O,,,,,,,Angle
SHELBY,NC 226,0.22,S,US 74,SR 1102,NC 226,9.662,Y,107435128,2023-08-16,23,1,0,1,O,,,,,,,"Left Turn, Same Roadway"
RURAL,NC 226,0.1,N,SR 1343,SR 1344,NC 226,999.999,,106761979,2021-11-09,17,1,0,4,O,,,,,,,Animal
RURAL,NC 226,1.0,S,SR 1344,US 74,NC 226,14.357,Y,106872734,2022-02-21,19,1,0,1,,,,,,,,Fixed Object
RURAL,NC 226,0.074,S,SR 1344,SR 1343,NC 226,999.999,,107007469,2022-07-02,29,2,0,1,O,,,,,,,"Sideswipe, Opposite Direction"
RURAL,NC 226,0.25,N,SR 1342,SR 1337,NC 226,999.999,,106826576,2022-01-06,17,1,0,1,O,,,,,,,Animal
RURAL,NC 226,0.1,S,SR 1344,SR 1343,NC 226,999.999,,106851956,2022-02-01,17,1,0,5,O,,,,,,,Animal
SHELBY,NC 226,0.006,S,DIXON,DEAD END,NC 226,999.999,,106899315,2022-01-20,21,2,0,1,O,,,,,,,"Rear End, Slow or Stop"
RURAL,NC 226,0.5,N,SR 1343,SR 1344,NC 226,999.999,,106913070,2022-04-04,21,1,0,1,O,,,,,,,"Rear End, Slow or Stop"
RURAL,NC 180,0.0,,NC 226,SR 2427,NC 180,999.999,,106875770,2022-02-28,21,1,8,1,O,,,,,,,"Rear End, Slow or Stop"
RURAL,NC 226,0.5,S,SR 1344,SR 1343,NC 226,999.999,,106793001,2021-12-06,17,1,0,1,O,,,,,,,Animal
RURAL,NC 226,0.0,,SR 1337,SR 1832,NC 226,16.5,,107429367,2023-08-18,23,1,7,1,B,,,,,,,"Left Turn, Same Roadway"
RURAL,NC 226,0.0,,NC 180,SR 2202,NC 180,5.13,Y,106709886,2021-09-26,24,1,9,1,B,,,,,2793,,"Left Turn, Different Roadways"
RURAL,NC 226,0.12,S,SR 1811,SR 1832,NC 226,17.004,,106759745,2021-11-05,17,1,0,5,O,,,,,,,Animal
RURAL,NC 226,0.1,S,SR 1860,SR 1344,NC 226,15.923,,107393241,2023-07-11,17,1,0,5,O,,,,,,,Animal
RURAL,NC 226,0.0,,SR 1832,SR 1337,NC 226,16.737,,107032189,2022-07-30,19,1,8,5,O,,,,,,,Fixed Object
RURAL,NC 226,0.042,N,SR 1337,SR 1832,NC 226,16.542,,107308900,2023-04-11,19,1,7,1,C,,,,,,,Fixed Object
RURAL,NC 226,0.3,N,GROVER,US 74,NC 226,13.754,,107309850,2023-04-19,21,1,0,1,C,,,,,,,"Rear End, Slow or Stop"
SHELBY,POST,0.019,N,DIXON,KING,NC 180,6.607,,108575908,2026-06-18,28,2,0,1,O,,,,,10592,,"Sideswipe, Same Direction"
SHELBY,CHERRYVILLE,0.0,,POST,*LCL N LAKEWOOD DR ,NC 150,17.953,,108576176,2026-04-20,32,1,10,1,,,,,,,,Other Collision With Vehicle
SHELBY,PVA E DIXON BLVD,0.0,,POST,KING,US 74,13.868,,108576266,2026-07-04,30,1,0,1,O,,,,,,,Angle
SHELBY,POST,0.0,,DIXON,MAGEL,NC 180,6.588,,108575471,2026-06-15,21,1,0,1,O,,,,,10491,,"Rear End, Slow or Stop"
SHELBY,POST,0.0,,CORVAIR,,NC 180,8.417,,108576061,2026-06-09,1,2,0,1,O,,,,,20148,,
SHELBY,POST,0.0,,CHERRYVILLE,FAIRVIEW,NC 180,9.654,,108576084,2026-07-08,28,1,10,1,,,,,,26680,,"Sideswipe, Same Direction"
RURAL,NC 226,0.2,S,SR 1344,SR 1343,NC 226,999.999,,107086854,2022-09-16,19,1,0,1,B,,,,,,,Fixed Object
SHELBY,POST,0.0,,KING,KING,NC 180,6.808,,108575313,2026-05-22,30,1,0,1,B,,,,,11653,,Angle
SHELBY,DIXON,0.0,,POST,EARL,US 74,13.868,,108575193,2026-05-05,21,1,0,1,O,,,,,,,"Rear End, Slow or Stop"
SHELBY,POST,0.0,,MARION,,NC 180,7.444,,108576081,2026-07-01,30,1,12,1,C,,,,,15011,,Angle
SHELBY,MARION,0.0,,POST,,US 74BUS,15.819,,108575913,2026-06-23,30,1,12,1,O,,,,,,,Angle
SHELBY,PVA S POST RD,0.057,W,MARION,KEMPER,NC 180,7.387,,108575954,2026-07-15,20,1,4,1,,,,,,14710,,Parked Motor Vehicle
SHELBY,POST,0.0,,DIXON,DIXON,NC 180,6.588,,108575211,2026-05-08,21,1,12,1,O,,,,,10491,,"Rear End, Slow or Stop"
SHELBY,PVA E MARION ST,0.019,W,POST,PVA DEAD END,US 74BUS,15.8,,108576191,2026-04-24,31,1,0,1,O,,,,,,,Backing Up
SHELBY,POST,0.0,,ELIZABETH,,NC 180,8.015,,108576209,2026-05-02,21,1,0,4,O,,,,,18026,,"Rear End, Slow or Stop"
SHELBY,POST,0.0,,MARION,,NC 180,7.444,,108576262,2026-07-02,21,1,0,1,O,,,,,15011,,"Rear End, Slow or Stop"
SHELBY,CHERRYVILLE,0.0,,POST,DALTON,NC 150,17.953,,108575457,2026-06-11,30,1,10,1,,,,,,,,Angle
SHELBY,POST,0.0,,DIXON,,NC 180,6.588,,108603034,2026-08-27,21,1,12,1,O,,,,,10491,,"Rear End, Slow or Stop"
RURAL,NC 226,0.1,N,SR 1343,SR 1344,NC 226,999.999,,107240813,2023-02-11,17,1,0,2,O,,,,,,,Animal
RURAL,NC 226,0.0,,SR 1343,US 74,NC 226,14.589,Y,107026549,2022-07-22,21,1,8,1,C,,,,,,,"Rear End, Slow or Stop"
RURAL,NC 226,0.4,N,SR 1343,SR 1344,NC 226,999.999,,107164716,2022-11-27,19,3,0,5,B,,,,,,,Fixed Object
SHELBY,NC 226,0.019,N,DIXON,FANNING,NC 226,999.999,,107543006,2023-10-26,21,1,0,1,O,,,,,,,"Rear End, Slow or Stop"
RURAL,NC 226,0.1,S,SR 1337,SR 1860,NC 226,16.4,,107243148,2023-02-12,21,2,0,1,O,,,,,,,"Rear End, Slow or Stop"
RURAL,NC 226,0.03,N,GROVER,SR 1343,NC 226,13.484,,106808388,2021-12-18,21,2,0,1,O,,,,,,,"Rear End, Slow or Stop"
RURAL,NC 226,0.2,N,SR 1344,SR 1860,NC 226,15.557,Y,106888459,2022-03-11,17,2,0,5,O,,,,,,,Animal
RURAL,NC 226,1.2,N,US 74,SR 1350,NC 226,13.914,Y,107399175,2023-07-05,19,1,0,5,O,,,,,,,Fixed Object
RURAL,NC 226,0.5,S,SR 1344,SR 1343,NC 226,999.999,,107407361,2023-07-12,19,1,5,1,O,,,,,,,Fixed Object
SHELBY,NC 226,0.019,N,US 74,RANDOLPH,NC 226,12.733,Y,108020067,2025-02-03,30,1,0,2,O,,,,,,,Angle
RURAL,NC 226,0.3,N,US 74,SR 1344,NC 226,13.014,Y,107399182,2023-07-10,19,1,0,1,B,,,,,,,Fixed Object
RURAL,NC 226,0.1,N,SR 1337,SR 1832,NC 226,16.6,,106776123,2021-11-19,17,1,0,3,O,,,,,,,Animal
RURAL,NC 226,0.3,N,SR 1343,SR 1344,NC 226,999.999,,107224969,2023-01-26,19,1,0,1,O,,,,,,,Fixed Object
RURAL,US 74,0.0,,NC 226,SR 1343,US 74,999.999,,106923805,2022-04-17,13,2,8,5,,,,,,,,
RURAL,NC 226,0.63,N,US 74,SR 1344,NC 226,13.344,Y,107035352,2022-08-02,17,1,0,5,C,,,,,,,Animal
RURAL,NC 226,0.063,N,SR 1343,SR 1344,NC 226,999.999,,107080364,2022-09-13,18,1,0,1,O,,,,,,,Movable Object
RURAL,NC 226,0.058,N,SR 1343,SR 1344,NC 226,999.999,,106748496,2021-10-30,17,1,0,5,O,,,,,,,Animal
SHELBY,POST,0.047,N,DIXON,KING,NC 180,6.635,,108576074,2026-06-30,25,1,0,1,O,,,,,10740,,"Right Turn, Same Roadway"
SHELBY,POST,0.25,S,MARION,GARRETT,NC 180,7.194,,108595261,2026-08-19,28,1,0,1,O,,,,,13691,,"Sideswipe, Same Direction"
SHELBY,POST,0.15,N,DIXON,MAGEL,NC 180,6.738,,108601839,2026-08-25,30,1,0,1,O,,,,,11283,,Angle
SHELBY,MARION,0.0,,POST,DIXON,US 74BUS,15.819,,108578661,2026-04-07,21,1,0,1,C,,,,,,,"Rear End, Slow or Stop"
SHELBY,PVA S POST RD,0.5,NW,KING,KEMPER,NC 180,6.308,,108595263,2026-08-17,23,1,4,1,O,,,,,9013,,"Left Turn, Same Roadway"
